x1,x2,x3,x4,x5,x6,y
-0.5170034179345053,-0.2183785572927427,-0.007972038403150195,-1.0,0.6883504737962132,0.8358838147022846,2.351968106207777
-0.1951208826397779,-0.07088832758170704,-0.37154305359997825,-1.0,-1.0,-0.578744895154798,1.232204983172132
-0.29620554449939096,0.2400735602029177,-1.0,-0.3881352745055836,1.0,-0.838273886068897,1.3175421772395586
0.9626090875829423,0.060440603188139264,0.908622090770824,1.0,0.33355107435576503,0.35538800409565124,-2.3594637558361966
-0.8556533916977489,0.10624791041999193,0.9065894389500342,0.03752335201628321,1.0,-0.763382140257171,0.9535297422078831
1.0,0.6269918761910833,1.0,1.0,-0.2841991661697865,0.6673588392805874,-1.225010791364749
0.16927929127399466,1.0,-1.0,0.6196229749290536,0.5275902221807647,-0.019991980573437207,0.7971280874291703
-0.6765864592603308,-0.4530979452387329,-0.5024229893667744,-1.0,-1.0,0.44521495767509683,0.6290409230003646
-0.8003467811433702,-1.0,-0.31505012418470757,-1.0,-1.0,0.5352333389417177,0.43282069206996415
-1.0,-1.0,-0.5602371708325619,0.13098643748245958,-0.5728222805933152,-0.12065959304484558,-3.4347640216285105
0.1455720095875379,-0.388626290613351,-0.0907629115140487,-0.9616163170300044,0.30941514598605246,1.0,1.9586165106582263
-1.0,-0.5501819299432915,-1.0,-0.3260177755835245,0.8644166857158475,1.0,5.93761726454227
0.5392451979230743,1.0,0.061623449108054285,0.41975071045401113,-0.9181711789689713,-0.5777714045050807,2.0810058339455777
-1.0,-1.0,-0.9784638741996621,-0.39105479504257,-1.0,-1.0,2.405088440914694
-0.8931745358789843,-1.0,-0.7390341386307419,-0.15588384444288125,-1.0,-0.4819155183206259,-1.9100069861908633
-1.0,-1.0,-1.0,-0.38800167571408006,-0.36658029574460793,-1.0,3.394390610061544
0.5091969940131196,-0.8172054191248771,-0.2881881772422449,0.5316528865595673,-1.0,-0.22954396581738923,2.555258081908254
0.67668223876053,-0.3121529194534558,0.06429156440324385,0.5994188998559598,0.5506620158295692,1.0,2.7436667578464964
-0.3168375360651301,-0.8184170325912894,-1.0,0.7533771602222468,1.0,0.7278711456153169,1.9473251952180803
0.36165296081373943,-1.0,0.6761444347217056,-1.0,0.44725280652071064,1.0,-2.430809090439702
1.0,-0.5534303871761358,-0.2597535771430245,0.28508157823567937,-0.116010384077993,0.9586929581355463,2.725040335292193
-1.0,0.04529698380799052,-1.0,-0.9377360725862811,-0.8209301858387745,-1.0,2.298156221566972
0.34281525452286876,-0.13637836154375704,0.46483427263316046,1.0,0.944310747521343,0.8466737569161333,1.839487745736959
-1.0,-0.9394152592663301,-1.0,0.050058621099023703,-0.10856802690339273,-0.5507284715052743,-2.0018960053825325
0.2987577715826766,-0.9208653497045609,-1.0,0.1262623217744413,-0.4903733191868672,0.7589082678146181,1.685710224381011
0.5028343903642101,0.23999253069479132,-0.16192875532798534,0.8304429856328592,0.4427650447983752,0.06006627800421227,-0.5229764899356617
0.8966276948389071,0.9342907691332156,0.5888196566844508,0.5453190302789934,0.18390829909718243,-0.14974982864559427,-2.2479713661432923
0.23525251750281936,-0.27943075293566755,-0.6257937207567613,1.0,-0.4792018946973332,0.2736147106743063,0.8744342399724352
0.1975315960540413,0.07389534995776914,-0.6684023936507401,-1.0,1.0,-0.2325454981590695,-0.6179815170695995
-0.6926109587429736,0.13305932799691866,-0.4543550710382511,-1.0,0.6752195494025157,-0.6297719000674605,2.5187802720574166
-0.548136992597487,1.0,0.9527534475301758,1.0,1.0,1.0,-5.683326027833883
0.3056348360252119,0.4953531594752596,0.5898601420640877,1.0,-0.19364742321062278,-0.7557210794593835,2.3675479210490646
-0.4144346898514742,-1.0,-0.4895503313611642,-1.0,-0.7647386261718019,-0.9500715659807086,4.472448085924694
0.21978427096265207,0.3250317814047057,1.0,-0.1377723979705325,1.0,-0.5000237104305603,-0.7349429716314306
0.3629698820830335,1.0,-0.1544648978146928,1.0,-0.6254605807631584,-0.7365577776912493,4.791488175853306
0.3506558466741343,0.4665139147577284,0.07038483905973614,1.0,0.0026252428479427714,-1.0,3.293556929378535
-0.551744429352272,1.0,1.0,1.0,0.04215847729059724,-0.09049991911553704,-4.480835638768573
-1.0,0.23818510923048156,-0.024913911388461996,-0.9574451024922068,-0.2907560617340228,-0.5238131686311298,-0.37229463592311013
0.5615102283343726,0.1466571091627687,0.6834900420270766,-0.5184734577733833,-0.45425510750520487,1.0,2.116446123898703
-0.3270966755072909,0.3809069947949686,-1.0,0.3422898438128249,-0.4260964532925062,-0.9657547834254967,3.860900147402627
0.13478747657797308,0.8296505799205682,-0.12630475332430074,1.0,0.051971521156029626,-1.0,3.3047048378121056
1.0,1.0,-0.17616434133766146,0.39450673314234397,0.33910177662213326,0.7456762597744335,-0.07580463147270988
1.0,0.31108297439905086,0.8287424843317179,0.9054181429862129,0.11979726071391206,-0.8356817077968047,2.208442539645821
-0.8560717405300093,-0.8891640319030377,-0.28087138568553693,-0.5579753499947872,-0.045006744118612635,-1.0,3.387767410483155
0.8403805266714586,0.021904033780093535,1.0,1.0,1.0,0.321959399542612,-6.399429672992637
-1.0,-0.35300016029306186,1.0,-0.7585027945180698,-0.7168920390038771,-0.7548373620734741,0.10734451063809737
-1.0,-1.0,-0.41248099679912265,-0.09872174529225552,-0.40522773567024184,0.7491060135564489,-2.214603256944032
-1.0,-0.32541934647731163,-0.6095602008834848,-0.1637379536905046,0.5369767401146308,0.08437572218331557,0.037291232329115076
1.0,0.23464685286641274,1.0,1.0,-0.2675605487943238,-1.0,5.442208577195739
-0.5901069695075909,-1.0,-0.23961131033663796,-0.5042738274410903,-0.5928045848711784,1.0,0.12537402908634038
-0.06144621129927541,-1.0,-0.9194357519404123,-0.238348984008954,-1.0,0.08823449607756317,-1.6157207785790364
-0.9658228537325507,-0.8889011376668641,0.3031016096918009,-0.970874109358365,-0.942146315051408,-0.8901225149935699,5.644271155466183
-0.4822700253932659,-0.9899355530916645,0.6366315615859248,0.5665687259898056,1.0,0.11909587680552058,1.535493811310317
0.9579800481855612,0.7090077503773956,0.8926662455289334,-1.0,1.0,1.0,-0.7871049005885025
1.0,1.0,0.75667849597551,1.0,0.7884633529468401,1.0,-5.8505497516843
-0.4512758650072676,-0.17937909060972945,-1.0,-0.8641719671732575,0.8144133669417537,-0.2752598875943747,-1.1414323983292354
1.0,0.6966129851485745,1.0,0.8316523052623973,0.7501038298355412,0.8988846169547424,-7.131751464443878
-0.5246745568735022,0.2714707694601258,-1.0,-0.7774809541985044,-0.6994965272704039,0.4118551195484315,0.7073622163970525
0.45134390482851494,-0.2813879791549977,0.06260087619726432,0.08839742670644449,0.9608391841660011,0.6407366894731057,-1.0301934457842563
0.1613632614840319,0.9291239335034207,-0.3193075776129085,1.0,-0.28548966472528503,0.7356716562766192,2.7410032016377217
-1.0,0.21293312585665197,0.15215655663095112,0.3987876301248874,0.6863067889442631,0.3514303599437133,1.9925774133305536
1.0,1.0,1.0,1.0,0.1256495298597904,-0.5575776991877,-0.8661538853970963
1.0,-0.10670344863092018,0.812152482321738,1.0,-1.0,0.00981817705111182,4.163931799735417
-0.27666513544348553,0.5187139566352381,0.30689628921146006,0.01550596765035217,-0.6307896236742847,-1.0,1.6644740415440835
-0.6770152914901728,-0.9977738087848733,-0.1319265025167613,-0.513752819222969,-0.8946158747781374,0.7598217440847307,-0.010503426918554881
0.9308095295729193,0.9766855775172607,-0.22112703044109655,0.8171219639571402,-0.03366188994139985,-0.21034925979967967,1.636264692897757
0.7460192914483335,-0.4045705342362318,-0.4555328195748871,0.1245191826791558,0.6384070290642729,-0.5395739336997144,-1.279893511591744
0.5227394688741,0.3515794137030439,0.8028917847133858,1.0,-0.9875165152976504,0.35269241900426346,1.1018979628559178
-1.0,-0.02365930022404894,-1.0,-1.0,1.0,0.38388796210740445,1.1125172152310572
-0.6205151032352281,-0.08948216800932163,-1.0,-1.0,-1.0,0.7260336571769238,2.5655954758785495
-0.3245112173634584,-0.9748084054621143,1.0,0.21732397950727933,0.28872974951720476,0.11793234143040776,3.194043277604023
0.6731756520214712,0.32829218193003595,0.5312813106059842,-1.0,1.0,0.7484061926418715,0.9819047306926951
-1.0,-0.3750412763901463,-0.35558345910338407,-0.4206581634848526,0.40680614147346605,0.9237878382868059,2.7340312663795885
-0.26791356369376595,0.43793639157603736,1.0,-0.5783206067075856,0.8908919500720001,1.0,0.6715539336559198
-0.6374666180555482,0.7431061743927063,0.8339743192135343,0.38796852315299524,0.607197054831373,1.0,0.5453233004506792
-0.7479706407634669,-0.8409060245560935,-0.8631201856065741,-0.037356505134402584,0.7034147899914858,0.49002958248611433,-0.27763513624816855
0.6407730319627273,-0.32065737079612155,1.0,0.7232823039200877,-0.965518646035414,0.6055747182443071,0.8201810739297395
1.0,0.696183742963933,0.380536216042887,0.8698636090908889,-1.0,0.4564937844150335,3.2642123109916823
0.1740370718206206,-0.9977384677321166,-1.0,0.7444513109061387,0.662825935094915,1.0,3.278994558767418
-0.686088109942999,-1.0,-1.0,-0.22864722630010337,-0.9629261848900921,1.0,2.4593790208972885
0.8066668161184471,1.0,0.776353185995494,-0.8335025339346112,-1.0,0.2925499377221923,3.496923840329631
-0.6872790549885008,-0.8879518833037097,-0.7854119028043343,-1.0,1.0,0.7452091242078733,-1.252241260775576
1.0,0.4460622463112167,-0.8724691165939126,0.8180803625952251,0.2762287067359779,0.2472481517043137,-0.594094520699398
1.0,0.8243074197817983,0.16357901607937397,0.29737916994766445,0.2855827655833556,-0.7306451609882529,1.174613461688225
-0.7109108171503288,-1.0,-1.0,0.036968907728206296,1.0,0.6061468648141255,-1.1775556834137777
-0.45053268929181056,-0.7146919510131855,-1.0,0.4601080164852078,0.3440111958761165,0.29701991239649606,-0.4780434640125367
1.0,1.0,0.5473376076453889,1.0,1.0,1.0,-3.992039823083641
-0.6595557605068225,-1.0,-1.0,-0.2292476206128809,0.10677335868890384,0.19053477397721807,-3.704503105159703
-0.09503979588955824,-0.8230646543617497,-1.0,-0.16379835684688615,-1.0,-0.5110075252156042,-1.4995126184275391
1.0,0.7536762259280276,1.0,1.0,1.0,1.0,-7.5211277549485835
-1.0,-1.0,-0.3715281454538273,-1.0,0.039599657169680835,1.0,-3.467340841486613
-0.8591680486085935,-1.0,-0.1363087167540018,-1.0,0.42460512893205715,1.0,-2.5662129737562234
0.6544284735422257,0.5359991964766326,-0.739707964913791,-0.052626899191695165,-0.5218525825062659,-0.40973454661390374,0.9318117509662168
-1.0,-0.34359488682713435,-1.0,-0.9933927900891313,0.40894518839221394,0.5571409255140389,-0.652937480111635
-0.43408169038167344,0.09754239431399114,1.0,-0.6606265395442736,0.9120628121801151,0.584012644019734,-0.3286253484197526
-0.5756141764947336,-0.4247087924877688,0.4210105474720859,-1.0,-0.9625126499310599,-0.47437891329551607,2.1295229210761404
-0.31501324091863947,-1.0,-0.7659093986946366,-0.22892826050396908,-1.0,-0.8627547356962193,0.588936607056854
-0.20508636578439227,0.0759727057272615,1.0,-0.01757221528719119,0.6508260467524651,1.0,-0.3480830203646873
-0.7715017982361567,-1.0,-0.11848709661411627,-0.265205864945129,0.2576452125547598,0.4072646878803533,-0.9416962741695811
0.6957015382856446,1.0,0.002066443716819605,0.8036998357507321,0.045582639318106244,1.0,2.7133568634213834
0.3158752151613583,-1.0,-1.0,0.5263443960648733,-0.9993582303267858,-0.2723165998443062,-1.7376439440030886
-0.769129844906794,-1.0,-1.0,-1.0,-1.0,-0.5768206156618294,1.3389649786478628
-0.5933440219068666,-1.0,-0.2513539020922756,-0.6525786447743118,-1.0,-0.2153658374665634,1.3552621193302323
1.0,1.0,1.0,0.6225189670302294,0.8969360412321741,1.0,-7.657171934864503
0.44981652644204706,-0.14457589324710252,1.0,-0.2211292820709137,-0.9664344329197696,0.43852597487508327,-0.34128809781785696
1.0,0.5099455945437148,1.0,-0.3080811918678259,-0.8672589345082651,1.0,3.4274129636754878
-0.11518889071743055,0.7740534483325825,-0.5156029925822068,-0.1778626363724511,-0.570438003513112,-1.0,0.7890139061977344
0.6305367872993428,1.0,0.18167922593592928,0.7090822904852021,-0.5199146517611654,0.1238892694870779,1.4141398973210184
0.863659559938905,1.0,0.9640489446590348,1.0,-0.6425119260522152,0.31812962971776293,0.365271011482657
-0.20839533066966898,0.5847016441507076,1.0,0.2356910454425235,0.6003471134240926,-0.08534456787250466,0.5665206690928081
-0.1061388197466592,0.9708184584864996,0.3173365580715798,0.3491507378882449,0.013984236080137331,-0.498092479446993,-0.30446574364683754
0.7244221017017429,1.0,0.936243115379973,0.07934542676744827,-1.0,-0.18906264259125727,0.6787312053339543
-1.0,-1.0,-0.35800255524272456,-0.3518257704361583,-1.0,-0.24263553154351292,-0.9718578589312923
-1.0,-1.0,0.15613840807658985,0.5292279315575095,0.38616109578030655,1.0,1.430732243531911
-1.0,-1.0,-0.845215473732992,-0.735512879945901,-1.0,-1.0,2.26713007245443
0.7812078949794025,1.0,0.2764239922448333,0.14924889120597273,-1.0,0.4962135120866595,2.6858007382137883
1.0,0.7102656821312715,0.47341340501636864,0.5601661508506215,0.25124690813900763,0.32633200083963243,-1.3245681379154708
-0.0998372700727772,-0.6296653522907631,0.942108440641558,0.07704866180124575,-1.0,0.14669657885487952,0.6135983919175707
0.6139456291274288,1.0,-0.38560971792853077,-0.5217152407360117,-1.0,-0.9528692382589802,4.492873836427068
0.26792102591729183,1.0,0.48139229676549156,0.3291342923757292,-1.0,-1.0,2.285939139312885
0.8582037276178763,0.5672563502915164,-0.941216256398958,-1.0,0.3834057923846627,-0.3738582419823807,-2.7879213361131
0.6911622230414667,0.9401060611709868,-0.33889189632609096,-1.0,-0.8567253623559656,0.18800102691924925,7.1393617309186945
-1.0,-1.0,-1.0,-1.0,-0.7082837741557675,0.44361828150506616,-5.178253491086851
0.5815675470278217,-0.5450474328410583,-1.0,-0.20762584924178884,-0.1743428690475468,-0.8407509474512627,1.3329433105709372
0.46842457885126093,-1.0,0.694559034638875,1.0,-0.9399198892477026,-1.0,9.002534317163452
0.6230779085051539,0.2673609081595639,-0.3781956756035379,-1.0,0.1114230666058924,-0.07439024291270882,-0.18412617128098482
-0.390009636062989,-0.43394749247004705,-1.0,-1.0,0.43506714030430915,0.584943994089304,0.14586726289375992
-1.0,-0.5670662214836808,-1.0,-1.0,0.09065956765585093,-0.19500229551678405,-2.973883726290664
0.39657874748328453,0.6442828511835677,-0.9677345546095758,0.15605578116933483,-1.0,0.05437409651469422,1.8752374916555217
1.0,1.0,0.3233218257556352,0.1913257857821134,-0.27683963608820406,0.22557709594961517,0.233187503749773
1.0,1.0,1.0,1.0,-1.0,0.9266262409050309,2.1706280705789798
0.38422218004314485,-0.11917669125891417,-0.11751897272476158,-1.0,0.3191972533449814,-1.0,3.540457863798578
-0.3362181788737699,-0.014169528533204856,-0.8178004197505563,-0.45274949827143424,-1.0,1.0,6.504306233359563
-0.26638864341864854,-0.0013652628544485457,0.6121445911930639,0.2400668952055473,-0.33692673375586524,-1.0,2.6975782207381416
0.453313884811014,0.6378957977605195,0.01605835337233341,-0.6176719617076085,0.33942346643398424,-0.3309515696867342,0.24478639359424992
-0.8306491476093002,0.37016613291880024,0.7853636859207211,-0.8514650758199369,-1.0,-1.0,-1.8561111270418311
-1.0,-0.0832508788842592,-0.02500172146288271,-0.1660644753903004,0.5177025349806794,0.9687177276337251,2.1270846257293283
-1.0,-0.5445822712349386,1.0,-0.8467832120990892,-0.11440426758204858,1.0,-4.648342281720384
1.0,1.0,-0.3501159763953002,0.230378718856327,1.0,-0.7199070331080241,-1.2137527934699035
1.0,0.5842543123725392,1.0,-0.4200408626744832,-0.07711550225804123,0.8530615537553145,-0.7059855439355536
-0.7648868750226379,-1.0,-0.5430578703295712,-0.6483756597268036,1.0,1.0,1.6271757842057584
0.5178490436883826,0.6007504324510946,1.0,1.0,-1.0,-1.0,3.7174659339962965
0.03794608618815143,0.42151495668475736,-0.16443677735537449,1.0,-0.2564124694897666,-0.5633830470314154,1.0394961304501744
-0.22746323829233916,-1.0,-0.4581049825077528,-1.0,-0.5773243852387309,-0.8737545832327303,4.151351793233774
1.0,-0.17770973206514729,-0.13568328676431696,0.3051055213297749,-0.7897184883338023,0.7235242916687448,2.878345438377518
-1.0,-0.015679291407308726,-0.5329211909174,-1.0,-0.7756183668502843,-0.5572750384731845,-1.2807158142552701
1.0,0.4712133109580281,1.0,0.6063560308617286,-0.6718885271369066,-0.11990793792631971,2.3467319804531726
-0.41337368339056446,-1.0,-0.6799942268676662,-0.48716128314483914,-0.26790633803214303,-0.07336742193774212,-1.418556023144304
-0.2621296588850835,0.6412035522019015,-0.5301677408195014,1.0,0.34402779348293144,0.7818992714226736,1.6214196670489334
-1.0,-0.9087777842154743,-0.9992141577579186,-1.0,-1.0,-0.5755476715127081,0.8063361915876789
1.0,0.2683551863999769,0.9879952428785606,1.0,0.31067098412817085,-0.0807924232169639,-1.2766394552359486
-0.5910858520916378,-0.15051295165345246,0.17322759221309592,1.0,0.6684303673364329,-0.28725183186791997,1.4717588460919289
0.04891940580416099,1.0,0.9414753824003279,1.0,-0.9928787030405085,-0.9139849395656823,1.9345715966629295
-1.0,-1.0,-0.2947504602191089,-0.5420894727729998,-0.4055061832658231,-0.2490162255637427,-0.8059121272620063
-0.5761913115300475,0.17289216333501678,0.3368978668747762,-0.9659701517350964,1.0,1.0,5.473774027195441
0.5138290744128827,-1.0,-0.9848922309933208,0.14993296764033295,-0.22410477744545054,-1.0,1.7325062606669848
-1.0,-0.2851428104836031,-1.0,-1.0,0.8926257947217039,0.5724751208105168,-0.10823562141703924
0.9615497705128699,0.46403795989721996,1.0,0.9699500467143378,-1.0,-0.5937739245917449,5.868039072797061
0.3524296869915222,0.33848985820694055,-0.2556485876568082,-0.9579952831825959,0.18947939915476514,-1.0,1.4999166786797629
0.5766411606188164,1.0,0.04645801438845698,1.0,0.8810878551988891,0.21492564689823157,-0.7741302238897874
-0.3031831926071009,-0.9079356277488874,-0.3436867050729061,0.686332993006704,1.0,0.918591013457414,3.5160928476763984
0.41406057652075345,1.0,1.0,1.0,-1.0,-0.43844299440568346,0.5322066970732297
-0.7371905036524392,-1.0,-1.0,0.4303538010962681,-1.0,-1.0,-2.137298219207788
-0.7054952969337116,-0.9269717947092808,-0.6813543536641162,-1.0,1.0,0.6174024929279134,-1.011862986919889
-0.8410324317499243,-0.3458046824581623,0.7315138527477276,0.5585762425156479,0.7672720897950573,0.6823550837483188,0.17579049318661433
-0.5972531854188147,-1.0,-1.0,-1.0,0.7064933357871199,-0.986398515474266,2.08425392218961
-1.0,-0.9540794160485271,-1.0,-0.33407195626564473,0.2043532867348119,1.0,2.175520927490738
0.6027959893411046,0.9229519291488293,0.6215785376918215,0.7736810781954326,-0.29266783871794977,-1.0,4.86072968944307
-0.8418193708594413,-1.0,-0.40300689686954927,-1.0,-0.45171281303451466,-0.8094818377103403,2.3068561098613274
-0.2985089758557432,0.11341210988542688,0.866959191637425,0.06756455082072993,0.9445955115401985,1.0,1.3046096437129155
-1.0,-1.0,-0.8021473817439777,-1.0,0.5558287294901056,-0.2719703168261422,-4.198121008817581
-0.25192716494658984,-1.0,-1.0,-1.0,1.0,0.2522375909530651,-5.030781756149743
-0.9377979844064207,-0.3778540755773833,-1.0,-0.9459117278445999,1.0,0.16141565288263726,-0.5351803970620064
-0.5769498170658709,-1.0,-0.7985946556601511,-0.27829565384669697,-1.0,0.0651504366948899,-3.071325866226953
-0.9745239049113517,-0.25656752473137456,-0.10878690449516903,-1.0,0.4701850277737425,-0.18486001795376117,1.8546545440391282
-1.0,-0.3970565488468034,-0.5539144620544705,-1.0,1.0,-0.9146618664487767,7.827899084633481
0.5292847398581861,-0.7436231714960522,0.4043451475632538,1.0,-0.08829681111135979,-0.5729037033607913,1.7382420125966382
-0.23747738011471456,0.15101903748978784,0.47517859612293006,0.037051214533059706,-0.1562996955422522,-0.6425823847919259,2.4708529477776073
-1.0,-0.17570793486669323,-0.8254112650061821,-0.563282497635474,0.5697301446075204,1.0,6.296742733202988
1.0,-0.2937286019703753,1.0,0.786028698477649,1.0,-0.20916356690332571,-5.466692719391282
1.0,1.0,1.0,1.0,1.0,0.2708586537594051,-9.071167723822404
0.7438145379780079,0.7873855659894916,0.9279227595818775,0.5636929061950231,0.7725771780605615,1.0,-3.9082190315138323
-1.0,-1.0,0.9236991819836717,-0.8619565168337311,-0.2492572064380888,-0.17340962692812106,1.5566518907569944
-0.4168526877990074,-0.0687639652233124,1.0,-0.24518070936487268,0.11421156036311964,0.4126740344435922,-1.8493973246704167
0.6898016049236916,0.650510623614428,1.0,0.1516266823542065,-0.3385093325406265,-0.6370747399697415,1.405916463182752
0.2545356927863265,-0.3564688922553144,1.0,0.671603409384131,0.5865609528873305,-0.0779268760478703,-0.39831278448012664
1.0,-0.4520553759976247,-0.4430967344280329,0.22908313494357757,-0.21584054652159845,-1.0,5.399057312600255
0.275724263492835,-0.623686894957735,-0.20594283670233374,-0.7245749166341275,0.07425715595766547,0.4555550947349001,0.10341999075027192
0.7369748883406178,0.8318652718422335,1.0,1.0,-0.3136553570469427,-0.1396436277534375,0.4876941065633368
1.0,0.9300191982752759,0.6540674717708292,0.7529397005211402,0.3513055435773308,-0.16263875465783212,-2.4005949644722513
0.19883602147460588,0.7384372186575475,0.23329592345874528,0.43442862204220944,-1.0,-1.0,2.410996338532138
0.028846085233248386,0.21031668115332125,1.0,0.90372133454633,-0.13338229147612696,-0.7809981637203731,1.3884839121269876
-0.23274871137913716,-0.9004652897571861,-0.44024662184739083,-0.602789919972946,-0.9758163781988951,-1.0,2.3802769998583955
-0.3954408902377753,-0.44492112461858613,0.2366715441561541,-0.305242607491956,-0.3886162168832855,-0.49380523692239775,1.3185865336801212
0.4286237561420888,0.13178471985167461,-0.4444854289269186,0.6324567925601734,1.0,0.5628688089192682,1.1084521058613825
0.36731835068831337,0.00971216497518812,1.0,-0.653191014015895,-0.20189259137481858,-0.44860381455808557,0.4559622539773853
1.0,0.6550875934920481,0.8342227116238494,1.0,-1.0,-0.48775248371977953,7.279002733449486
-0.12234815250254549,0.4632449477993914,1.0,0.6927779097485598,-0.650011494243639,-1.0,0.5790237160083014
1.0,0.8245120816409146,1.0,0.6836872304233135,1.0,-0.1916949074009171,-4.866040102873038
-0.44674133586262343,-1.0,-0.2630463482549559,-1.0,-1.0,-0.33249362573881425,4.168577137786751
1.0,1.0,0.6995899525129734,1.0,0.10338743987669863,-0.30068909899275176,-0.1320667219005422
1.0,-0.22918283977886855,0.8621412721181659,-0.016944718792704316,-1.0,-0.09454276508559728,4.997405243991992
1.0,1.0,0.21638994233622766,0.5088550953185624,-0.8369597341827739,-1.0,7.7736271256821325
-0.1947741569559568,0.08455081582241368,0.39910409825216636,0.7193013897109036,-0.9416556783136226,0.9010025207215917,1.1380870219954948
-1.0,-1.0,-1.0,-1.0,-0.007044375521035984,-0.03967462984882275,-7.258107085590209
-0.74557636335309,-0.9886429621462951,-0.034451051520450415,-0.4198573807296622,0.23112929010663597,-0.8588923169407214,3.979456551104987
-0.15702417700059768,-1.0,-0.9140264691786921,-1.0,0.13586438114145472,0.035888300121500016,-4.631132287588019
-0.5749742247864249,-1.0,-0.9558709190719146,-1.0,1.0,0.8426712122967832,-2.3820941506203637
1.0,-0.10475864438417559,0.3315860611463421,1.0,-0.15234168640592216,1.0,2.2077303673280317
0.9814025918216459,1.0,-0.5287671877601202,0.6479895670903862,0.9814096132667356,1.0,2.4317579472244963
0.33756212302700883,0.2841341598240017,0.8719816544375233,0.03513544979626593,0.9170597625138858,0.25585459418557077,-1.4638789088349469
-1.0,-0.21996896914357653,-0.2773270002178092,0.3903732998342845,0.8378860201978607,-0.5830336916051527,3.6469893507205042
1.0,0.8805600921085079,1.0,1.0,0.7451943385671803,-0.10820080505490771,-5.123050719233992
1.0,1.0,0.32459758264394134,0.5707138947706907,0.7563943142078785,-0.035922328434885076,-2.45486407777689
-0.8768348685263219,-0.17576111403321448,-0.6711774195822455,-0.57505038396143,-0.4067509191737346,-0.8178741489091833,0.9951772762524383
0.8354309596772245,-1.0,-1.0,-0.5218987848163528,-0.9062428446844171,0.24827389106696823,3.231884788963331
-0.39333195632156187,-0.10716364179890636,-0.651821350795909,-0.45873573517759836,-0.20651328990733747,-0.09356715349052891,0.18675186646108743
-0.11347570234869575,0.3252410323630238,0.8064431623590832,-0.46488255561394864,-0.38160621481688684,-1.0,2.071036204321593
-0.4530152644225524,0.325597435272149,0.262468270688318,-0.4677685237129699,-0.2740110194098804,-0.45214665481781213,0.7357742838138204
-1.0,-1.0,0.38527657650737046,-0.21807985866770763,1.0,0.11331059187190999,3.00000887958788
1.0,1.0,1.0,0.524996009961533,0.8593214508553405,1.0,-7.84453043139769
0.20001938721161086,-0.43511585900934957,0.5886336418219911,-0.49355491447642164,-1.0,-0.7966424581857626,3.5253252577046603
0.06455629912635003,0.480411371416241,-0.3383300053085025,-0.2703063305362534,-0.3896345894334974,-0.6359111036778615,-0.3962189442637078
0.08256175019593026,-0.2173554229280068,-0.09061016058154384,-0.6267721189624347,-0.2920549250858746,-0.03836213037851599,0.11868077143902418
1.0,1.0,0.9270169782641198,0.17450230049562,-0.8597971760352864,-0.1759732198872946,2.050274534970807
1.0,1.0,1.0,1.0,0.07902732493594722,-0.1187431785438281,-2.6593378984615463
0.7378623363228032,0.9572764075247711,1.0,0.3513081158117627,0.07347972525061763,1.0,-3.595461371465372
0.565312536099223,-1.0,-0.9534955626595922,-0.030381985975007242,0.37650746743988994,-0.2485052646505641,-2.4085803472979066
-0.05294333222477077,-0.013189711587901276,-0.0202546281407332,-1.0,1.0,1.0,5.644449864927985
0.0507153948325193,-0.2384722337006412,0.10143493633841605,-1.0,-0.7278523754954439,-1.0,3.6033912765894596
0.16450280515701016,-1.0,-0.46515821154797393,-0.34958439772652483,-1.0,-1.0,4.234313442890603
1.0,0.049128716530493,0.8025013914129719,-0.21701670295290573,-1.0,-1.0,6.453357249427322
-0.9853374315263457,-0.5600294288437968,-0.28388393014762336,-0.3675189185069871,-1.0,-1.0,-0.271631318135285
-0.8310530254752525,-0.027376424440982428,-0.6425694578937182,-0.3990127975058536,-0.35927234978225864,1.0,3.6461757324456054
-0.4624226155503397,0.42950224544851434,-0.00788574549706178,-0.42715180524253626,0.30899431559653406,0.640032383823723,1.2210243725190297
-1.0,-1.0,-1.0,-0.5383087492579576,0.21903614952402073,1.0,0.860763853287658
-0.5202152199269019,-1.0,0.06097116857586721,-1.0,-1.0,-0.7670426080572693,6.147137615962584
-1.0,0.2916414485548143,0.11906978192863998,-1.0,-1.0,-0.8842381404266915,-0.17055209412099415
0.1821309496294743,0.24641769212758702,1.0,-0.30711263721929943,-1.0,-0.7991990198963554,0.0830161057723412
-0.40780636462282405,-1.0,0.2163217190089359,-1.0,-0.16908849816217808,-1.0,6.822207030544798
1.0,1.0,1.0,1.0,-0.3514364839393094,-0.44069540555011666,2.518769037640002
-1.0,-0.539735294812766,-0.9332212620627165,-1.0,-1.0,-1.0,3.7787076286430734
-0.4712556731254784,-0.1633816975915124,-0.8976228287218007,-1.0,-1.0,0.2791600040326163,-0.15835331302949401
-1.0,-0.04022082420309259,-0.4643698925649209,-1.0,-0.30799794981470063,-0.4011849534970459,0.49536570363911064
-1.0,-0.13474744612552048,1.0,-0.23053539388419436,0.8870522450387083,0.303913198694285,-1.7252183803402927
1.0,-0.743497068521223,0.3088350894151686,0.8467057294924728,0.2423746547996809,1.0,3.0068808416147936
0.3956915734978421,1.0,1.0,0.13574159986949796,0.1518975367409493,0.4045764125538134,-3.0081279069829443
-1.0,-0.9881332321261307,-0.29359222142355224,-0.7910814579833243,-1.0,-1.0,3.4725872130957227
-1.0,-1.0,-0.8317562465071126,-0.3156176582185237,0.539584148772549,0.9677669022567521,1.701817915113782
-1.0,-0.5991072868633454,-0.3010997256840222,0.019188113161784814,0.5963829340574148,-0.5102882510587541,2.170113775893441
0.5184034843200431,0.9903542155208822,1.0,-0.06792726959642736,-0.09178986840555481,1.0,-2.239651382683653
-0.9009202856357785,-0.2926810473976985,-0.3680730363955935,-0.18315577044000464,-0.5468068582574936,-1.0,1.8530904887095005
1.0,1.0,0.9938124452839954,1.0,-0.7251181448126913,-0.17053068354304068,3.126741994604097
0.06461741530750509,0.6181568076773032,-0.2712363331118477,0.6300347723551669,-0.43885712817984646,-0.6572034012405733,-0.25059127743904464
1.0,0.026938008018270176,0.27482883572828287,-0.1960361079993438,-0.009155590285436555,-1.0,5.4020130824907
1.0,-0.16878723732939893,-0.707137962625696,0.42625851264080816,-0.7064569195764316,-1.0,5.28383495711103
0.774534026424885,-1.0,0.6723604177719323,-0.18329655153519148,0.9515910833957688,0.3634161513997316,-1.265500286887297
-0.44110842801392236,-1.0,-0.3199878242473947,-1.0,-1.0,-0.8710954542190932,6.619057552931162
0.47192851715350037,1.0,0.8021005016531562,0.6384256972136326,0.3825997851818508,1.0,-1.601963799385137
0.6262249988933646,0.4741766529211293,1.0,0.6226596393044239,-0.3659906999133512,-1.0,3.962469582543211
0.13933491909775592,-0.36931993035138,0.7306683896790327,-0.3137272942234931,-1.0,-1.0,2.6689143240225124
0.37880824920111944,0.05602686208546298,0.1435982071344708,-0.097177871069136,-0.03867563196988755,0.8019908834541191,1.1908444643635285
0.42652317386273897,0.9014897593940085,1.0,1.0,0.0274714476145812,0.5091899573975526,-3.776373999106303
-1.0,-1.0,-0.7451766522323895,-0.876346935360552,0.3944001701889607,1.0,-1.9320402828347616
-0.35106179963504447,-1.0,0.6313416649012992,-0.4857213143807104,-0.00260251534031318,1.0,-0.49844654364851715
-1.0,-1.0,-0.6407374841780148,-0.5465054629146202,0.043908739742589686,-0.27795159133997593,-1.6089623902107806
-0.5934228703689276,-1.0,-0.9804756841945181,-1.0,0.21022045416051777,0.35410159817550957,-5.577032506680194
-0.49047625501368775,0.5521905871346341,-0.19671512783830963,-1.0,-0.3268631694093353,-0.18115793708944172,-0.46670782414485174
-0.2414459366046412,0.7235494918998002,0.15039558498859895,-0.04387176916642774,0.031164994682240155,-0.947472305446096,1.3403544401555274
-0.23354206510229247,-0.7566333003301418,-0.6570671194279273,1.0,-0.5056729729453868,-1.0,1.1361055085970617
0.34021270422566047,-0.3218496809035622,-1.0,-0.5401700112883996,-1.0,-0.8736866187550074,3.351395776717343
-0.589018846547747,-0.995851250461165,0.4496419677225062,1.0,0.3287507592333405,1.0,1.5612473808852734
0.4115052706769867,0.34454052478024755,0.04367462662971833,-1.0,-0.37894516197132616,0.23385189335674583,1.2450087268132677
0.4700221472195436,0.7567196404876249,0.44752421922899244,0.30532822445063135,0.5079745985404847,-0.8246901822836614,1.39938826710603
-0.01712165390372017,0.9477622122344891,-0.06279289049518216,1.0,-1.0,-1.0,5.249136363035036
-1.0,-0.22842492179642832,0.25924083945055243,-0.9751198270495018,0.23012697983377384,-0.36966965678435704,1.0032400672631794
-0.8946533922964122,-0.6690242005206125,0.3706340055444934,0.0574279495322193,-0.6699568066820938,0.4268397638387835,-1.6976339098351414
-1.0,-0.12794934952323112,-1.0,-0.2169616855873988,0.35934217490709597,1.0,7.243743498459329
-0.002327687014579194,1.0,-0.4056067154441676,-1.0,1.0,1.0,10.875097908593467
0.32670896785165104,-1.0,0.3053085744607075,0.15252632570605945,0.04599680265035319,0.0033004278620938354,0.07503724393525035
0.22991118772151098,-0.5558518734565909,1.0,0.8264266520540543,-0.546958969900321,0.057769581235969314,-0.6420701318543873
1.0,1.0,1.0,1.0,-0.9697642407878221,0.4039146705928701,2.9799053053588835
0.7159097409015984,1.0,0.8253940821661152,0.41585777515135214,-1.0,-0.3683649016152928,0.4819070457461816
0.913602229263123,1.0,0.6794554070267056,0.5920932256372189,0.17304122893092766,0.016373434790457123,-1.8561130498760399
-0.40912952628632326,-0.2835079169449887,1.0,-0.41312150437080414,1.0,1.0,-1.248220979900103
-1.0,-0.5976219921183576,-0.3805746897025798,-0.15739731099153387,1.0,-0.8061669298244106,5.327971698501205
1.0,0.8084858916953279,0.681422477278504,1.0,-0.01039289416247935,-0.5669583081079351,1.5590505410842108
-0.058351826948058405,0.29822188222847357,0.28191161048535057,1.0,-0.8453387847901733,1.0,1.485589519832113
0.2584149633332251,-1.0,-0.7691337576590718,-0.49664540410105046,-0.01645694055276392,-1.0,2.277677648062396
-0.11730229870744124,-0.33928221272061276,-0.03449523777894209,0.9896642874210383,-1.0,-0.6703661142068769,1.5004179261848831
0.9543778531424858,0.4805635156148722,1.0,0.21293098980531572,0.1002029021887717,-1.0,2.3299811235524372
0.674800802604353,0.19195272927215173,0.45559623090134266,-0.5758320254335192,-1.0,-0.4457023159632668,3.5747678633146664
1.0,0.04254212990731698,1.0,0.4666235964991259,0.36248865456199664,1.0,-4.175530576728488
-0.16392001532393952,0.17981293516181251,-0.6120041451258262,-0.2502215357920069,0.0407919134748278,1.0,5.299875437698967
0.5304600094027629,1.0,0.7060139269216522,1.0,0.1255345056547743,1.0,-2.9955844387769774
-0.24264468092753355,-0.0416595220217133,-0.8093744970557317,-1.0,-0.32042201860666486,-1.0,2.7059535203351013
0.17350715290334628,0.579400877108124,0.13567793839219522,0.6190900515457073,1.0,-1.0,1.0509239551897
-0.5882376228114725,1.0,0.6770677044698461,-0.720235290672909,-0.660133698820017,-1.0,-3.3529302528946623
1.0,0.17895626856158442,1.0,1.0,1.0,0.049731711094814744,-5.310732749737517
0.7239366344012712,1.0,0.7271596422608667,0.6011076519506356,-0.940241826410964,-1.0,5.845694931527262
-0.6145660146222107,0.18388512451767774,1.0,0.030235850288348576,-0.9717811338689368,-1.0,-1.5397053645544116
0.7897117877816617,1.0,-0.528821801775492,0.5613964683321332,-0.4034018709357402,-1.0,6.165168286637299
-1.0,-1.0,-0.32116638578357026,-0.4764246019177458,-0.44090210838558647,0.7659069649470381,-2.7527851777129553
0.25734517432936466,1.0,1.0,0.08985822446405078,0.47381089979311014,-0.6683944574059222,-1.2785054586086504
0.7895778432908321,0.26056154285086014,-0.1418914863105991,-0.9926632014370371,-0.36075193128917005,0.4180814166067834,2.182691780504215
0.9090675162272498,0.8732012546064991,-0.41594774150234526,-0.22988070539080868,-0.1678572670786777,-0.915256798753308,1.659870944604545
1.0,1.0,0.017987794025858816,-0.49717893972228044,1.0,-0.2352783139901858,-1.2965836368505446
0.7991847173197704,0.6072301916525915,0.9644296341086507,1.0,0.3992978903141624,1.0,-4.804890120490051
0.04325597921611794,-0.949014866961293,0.2355215907696825,-0.32267043419918745,0.12013522674120547,1.0,0.8944710676954744
-0.880402210027766,-0.671476689632784,-0.09492185985826995,-0.31008378158585864,0.852812214192563,0.204392959221118,1.937203484547696
-0.13418652854579693,-0.6494050605540314,-0.2169050822962959,-1.0,-0.36788620906257097,0.3252370281307435,0.005610264839655925
-0.3470973463783902,-0.5435975863841841,-1.0,-0.3421254874297546,0.9849009990366188,-1.0,3.358503051560319
0.38009646813786174,-0.28287430156527743,-0.6305667110054272,-0.0027120646901278023,-0.12620930646879802,-1.0,2.312201652902323
1.0,0.2874388712395268,1.0,0.538319421802566,1.0,1.0,-4.980973319770088
1.0,0.20943979663323697,1.0,0.681674105729351,-0.8182344320232025,0.6741721232539414,1.9764412082090563
0.04041935516174666,0.9788394828281677,0.9015650638388397,1.0,-0.30452197013673143,0.7136984899211605,-4.028060906294867
0.8715977040428682,0.41323873119005017,0.33137712375461303,-0.708268380247744,0.8039398106923079,-0.2114883364819945,-0.6255232042857197
0.7692028422898983,0.1990988939375817,-0.9607714945193507,0.4407398932634811,0.2623089273107069,-0.9747046295069854,0.7534790136204277
-0.32875625488165205,-0.26526700060601893,-1.0,-0.7665296664562777,-1.0,-1.0,1.8933526365888338
1.0,1.0,0.9346598288671522,0.21169594847737283,1.0,-0.5644037972176071,-3.680219442354347
-0.08752887578877278,-0.10653023569471529,-0.18977384936802966,-1.0,-0.1129549722517007,-0.4304321923118583,0.3821911755961467
-0.34277215833330066,-0.1354494774487961,1.0,0.30174861868065167,0.9537293790254109,0.8297598957361418,-0.4363433822164969
-1.0,-0.7885684861955204,0.2748676784417972,-0.040705142023919616,1.0,1.0,4.2677909024200416
-1.0,-1.0,-0.34436920359374157,-0.7463235877336917,1.0,0.4801398867518861,0.1723722609637543
-1.0,-1.0,-1.0,-0.06400472086825859,0.580251765683229,-0.752322397930131,-0.3913431130272148
0.09418641092427693,-0.2288993020388167,0.25309720347311193,-1.0,0.29304338089455007,-0.6612479307863712,1.494627452101355
0.6335928626393958,-0.3770169746308689,-0.42313084109751636,0.43084877449528114,-0.20026353909199934,-0.08707535248921505,0.4758192004082771
-0.312664096260995,-1.0,-1.0,-0.8235872255251524,-0.2681315148711001,-0.20908151615835663,-2.1853642786956677
-1.0,-1.0,-1.0,-0.6717242264444605,1.0,1.0,1.0449833828843302
-1.0,-1.0,-0.3380703755334097,-1.0,0.9492656215255112,-0.17448848093937552,0.663676666343854
-0.4018865455604629,-1.0,0.19360904080760766,0.10328704128776078,-0.04496995784885838,-0.3102153771450229,1.0234701858603843
0.9296750939829872,0.7102139085368369,0.16467179843089075,1.0,0.2141025788380968,1.0,2.4119850000725824
1.0,0.6398456761013702,-0.28368099650114587,1.0,1.0,1.0,1.2028267556458139
0.9433290893719897,-0.3857247705365442,-0.5937897773869112,0.5398694609298949,-0.8256934394442068,-0.7893995569776715,5.352100768144269
0.5401615668439126,-1.0,-0.7628162391722935,-0.9947651585208384,-0.198037613008021,1.0,1.6504580405915088
-0.32589669976372415,-0.2762880565950674,-1.0,-1.0,0.22977471148272954,0.163384851393384,-1.5828783340422632
0.7129490506614482,-0.041029348443129,0.2518975744285523,1.0,0.0457953012637522,0.4656027176461064,0.45168722322693966
-0.12929508053320765,0.16174771578806774,0.25601220064303787,-0.13261050381435346,0.19134826114399756,1.0,2.986166088999011
1.0,1.0,0.695828129845915,1.0,-0.8839232026978575,0.19158965595099098,3.8002761328670243
-0.02704531743940375,-0.47864265479587487,-0.05777450833351827,0.1901747948698186,0.645750403204566,0.3468106207201809,0.18090499312404676
0.4524012148402754,-0.01471504647811911,0.24569246197159927,0.980500677540294,0.5751799635964694,0.3834571156437319,-0.16667436920348272
-1.0,1.0,0.3010176852602622,0.2370588887421558,-0.08171389105995974,-0.4043387317906376,-0.973331353394163
0.43172284524353816,1.0,0.6666022537978682,0.22204691243188623,-1.0,-1.0,1.2823234199922828
-0.2226796404002067,-0.13315856405715343,0.24366356118549734,0.05678891044700144,-0.2132309772452221,-0.12488120843471945,-0.8777779931007614
-0.530868898832163,-1.0,-1.0,-0.3402427910077026,0.46351420307989033,0.691688037618624,-0.7020524013835713
0.08267903353702472,0.8083814743319333,0.2144307042283165,0.8640160255274633,0.6522896880204858,-0.9111187472730816,0.9976930544038911
0.544634059684463,-1.0,-1.0,1.0,-0.0011940474078256935,0.5679014733717036,0.7947682948914259
0.6054174386286988,0.39651851620468515,0.19003546446533548,1.0,1.0,1.0,2.3215932563299315
-0.16565696840234745,1.0,-0.6463293226313676,0.1856361005035786,0.851161969884789,-0.964004388938294,1.9986412983385504
1.0,0.7281730018574455,0.18767065418483755,-0.5503323299010731,0.0854881168568935,1.0,3.7479356792538145
-1.0,-0.3479280697403142,-1.0,-0.9308807890084825,0.8928768563060558,-0.4681315077382293,0.29048385635088014
1.0,-0.6578848954591536,1.0,-0.36360466340969055,0.2678678583182532,0.11082410752211536,-0.17211749805506407
-1.0,0.1981569063811104,-1.0,-0.2737598030888615,0.21521255833218356,1.0,8.237192659956275
0.5452903285973136,1.0,0.7637230680873694,1.0,-0.07957238557828406,0.329179975215947,-2.708120833738137
-0.17493399777684004,-0.11514883178853302,0.3485938377549732,-0.14942304935205258,-0.6424433170409669,-0.9505773962585089,2.001181834431077
0.5505374521030306,0.2890458329614527,1.0,-0.5509376025900417,-0.2591399855702361,-1.0,2.1458848735206146
1.0,0.5608202900520143,0.17955680605813534,0.8913717871899111,0.16705605028234327,0.9106095191917014,1.4921825945247569
0.9197073870215686,1.0,1.0,0.7037394665240273,-0.8452089317354227,-0.37565620231399643,3.2267287699140446
-0.2962558913948473,0.2080678237724886,-0.05922444928315351,0.3519002715500873,-1.0,-0.9493752783251945,0.5005728055298855
0.030285154894010846,1.0,1.0,1.0,0.9604273763985962,0.19334751888651547,-6.7009023392698905
0.5745427681575488,1.0,1.0,1.0,0.8226389318876255,1.0,-7.766626037843837
-0.20183528185503374,0.2219804485497731,0.1960041687199163,0.2435737867090665,0.6881038958590464,-0.8418957341373476,2.0055916133566765
-0.3506143555926988,0.00036542553892360274,1.0,0.07409023097043343,-0.9458294791668829,-1.0,-0.943569194364664
0.9902195223678918,1.0,1.0,0.46922238949219763,0.9666528599663269,0.279461477481336,-6.500002389258327
-1.0,-0.5012220548284951,-1.0,-0.16352235666695725,-0.9059017733941039,-1.0,1.792116469487295
1.0,0.17724789885283787,1.0,-0.4034145903912122,-0.862225304067963,-1.0,6.013369981128499
0.26155267721158015,1.0,1.0,0.3013702166593776,0.2955425682136461,0.33542095088363055,-2.6391367595131916
1.0,1.0,1.0,1.0,0.4327961433316372,0.40988331686142887,-6.630233337427922
-1.0,0.18994115684920854,-0.2873697522831957,-1.0,-1.0,-0.3566164063120433,0.5311412148401657
0.13242093704493657,-0.3421469304125422,0.9983808955790718,-0.8462445905328921,-1.0,-0.07159522549182681,0.012406469079959459
-0.12521261558467442,1.0,1.0,-0.09246184795633117,-0.8245466558598009,0.1713517674466366,-3.3407429978197762
1.0,0.5422965061433549,-0.02759745977510064,1.0,-0.7382064882221575,0.9793000063431415,5.522331765024132
-1.0,-0.48026375340340133,-0.6253039976160512,0.9223117222697784,-0.002012417804073463,0.5504664381020075,0.022483451845718233
0.9079333755788268,-0.1729463430383319,-0.7193608310807457,1.0,-1.0,-0.8410806355224547,5.1237814307540175
-0.4633361141925829,-1.0,-0.023022339385957102,0.6952328074738647,1.0,0.34908606790679564,0.5312528193757531
1.0,0.20374694778163716,-1.0,1.0,-0.10709641205091525,0.7401604559684749,1.7028366070216445
-1.0,-0.3925335001463339,-0.5472749638972683,-0.502775028418606,-0.1273858564240936,0.10215352731054506,-1.6170465866573869
-0.8157963847008098,-0.530756245998786,-0.4165485062131591,-0.5409165340169628,-1.0,-0.7690297804824195,-0.36002702235683626
0.20381789947492285,0.5117404427879237,1.0,-1.0,0.44724897896722804,0.3499056487954346,-1.6565115085468682
-0.7286490785205924,0.2739641310881009,0.4935082288673802,-0.40140563779267935,-0.46750251473221444,-0.1776681837282273,-0.3026905378160586
-0.3778714781653875,-0.347740725304855,0.9389724020250436,-0.18540473207290945,1.0,-1.0,1.9324299137231409
-0.021283710980634668,1.0,1.0,-0.15455476510880325,-0.3878891472224999,-1.0,-1.4359020165771652
0.19278306671463163,0.5407901383585113,0.41775558489304,-0.9882790534010906,-0.7383297083809066,-1.0,3.11781963911978
1.0,-0.32405197612421194,0.5170789067320506,1.0,-0.20834473734043735,0.9017366971371605,1.6633195281466575
-0.04228852265230032,0.19746030668630127,-0.49571586214857755,-0.4517731961429553,0.16653375836918483,0.9231522718763606,4.3820635193659
-0.3642289695340555,-0.8224750854629604,-1.0,-0.5604063501710508,1.0,1.0,3.4688184807538445
-0.23019530639760305,-0.7947931973858019,-0.3958001754119978,0.608392349016097,-0.36348234564993254,-1.0,1.0751033303129218
-0.13915468530774217,-0.019887714898925823,-0.9099089683170681,0.38056282662999175,0.3968948541139211,0.8426953552602294,4.183411659432979
0.5093298129816428,0.5103459976326403,-0.04523278735826486,0.3218546095094703,-0.0886732998333549,0.2574225421645745,0.6758049222074674
0.19280592385754824,-1.0,0.33043275186354826,-1.0,-0.17956867053752557,-0.2383224405825442,1.6203338758233534
0.2729719279858389,-1.0,1.0,-0.5222119670195771,0.42991210591935713,0.8853619548011815,-2.8404941883642403
0.6986744552111992,0.025116346884342666,-0.07867479505474251,1.0,0.6510032556875276,0.04167383371469524,-0.04678257858782087
1.0,0.657770452962817,0.9008268142556493,1.0,-0.05337416749501306,0.02386374123806312,-0.9994480950297808
-0.8071137204820485,0.9747629901304369,1.0,0.44757967236071466,1.0,0.017957620421679588,-4.2990056083263415
-0.7230899885321904,-1.0,-1.0,-0.615789470972065,-0.5573657245229832,0.44679544371204805,-4.453623487438923
0.5164602179677655,0.03519844783302749,-0.5665688515260757,0.15397649430075236,0.3388005679442608,-1.0,1.925293285900774
-1.0,-1.0,-1.0,-0.2059482860304067,-0.19909845191902248,-0.023062453673259792,-5.395677790748803
0.10309995775590822,1.0,0.3291362094857812,-0.14230883742041472,0.3460568095506982,1.0,2.6133016635522797
0.6499636628917476,0.431732762055814,-0.6873027796005436,1.0,-0.6133018679127885,0.17037436435725017,0.5928065704794925
0.8085541800141136,-0.5814160270705163,1.0,0.5277278017183971,-0.5089618314974106,0.48054994320395655,0.860740819298657
-1.0,0.3652691338403742,-0.813780267861282,0.5075085224113811,-1.0,-0.664468330142193,-1.0636178068771744
0.24407329211979167,-0.48593328410643777,-0.7688813969256731,-0.5854121221644731,1.0,0.9316505346253225,2.6539437864560007
-0.33872428994742965,-0.9252938252876886,-0.38998085377503844,-1.0,0.6890602257931162,-0.20335224196841056,0.49989893736628466
0.29772537951777034,0.12338246833913244,0.21596722640551635,0.7646613729222069,-0.18447336538343873,0.13380319314791994,-0.5786959032253629
-0.6750897645514736,-1.0,-1.0,-1.0,0.5809714613128065,0.4190731119791221,-6.76369094309302
0.2804501186179858,0.989219936034908,-0.29108311965339095,-0.5273922265373524,1.0,0.9443973419021028,7.734287674787912
-0.22000677367691868,-0.9231272520335865,0.4422035113556937,-1.0,0.9986384081244892,1.0,0.1482060705696014
-0.45739825534802997,0.39692470361533794,-0.67713316107654,0.45977903486266813,0.29917778025350483,-0.10174648556196819,0.4880956424457994
-0.5587167990445728,0.06911346336987778,0.7675367535061055,0.05742705065115872,-0.38319679852976424,-1.0,2.9874541801233123
-0.9948953852459085,0.6257282218378639,-0.8050369093318448,-0.19961864967727627,-0.8424104130156056,-0.06764856462720742,-1.619903680807296
1.0,-0.31001291352527827,1.0,1.0,-1.0,0.11750167791034483,4.739617936992978
-0.7606720830240278,0.5562978196305761,1.0,-0.2130199517769361,-0.8722751391860776,-0.5456080494734656,-2.366961433572466
0.3157933628862333,1.0,0.8153566580945764,0.8449893810798776,0.7393964750963866,0.6787999077080096,-5.061028794224779
-0.9564677242386187,-0.24973793495467356,0.026862953053000738,-0.6100587727212006,0.44489259174135964,-0.5011325428818673,2.666136882181989
0.8841838686810998,0.8806796943124259,0.601491717224377,1.0,-0.701651594148615,-0.8085588108656316,6.258404937610286
0.02717877443128118,-0.11449482573165207,-0.2544533582026277,-0.8792726126929835,-0.5833211906866385,0.0324440434613637,0.157614493597381
0.4923404681512076,-1.0,0.5787670688623955,-0.4627722237806339,-0.060621835159687276,-0.5088040976688457,4.286986264822074
1.0,1.0,0.08501527019120436,1.0,0.23513291794213864,1.0,1.1908563852407363
-1.0,-0.6159705879737791,-1.0,-1.0,-0.11487502608231692,-0.5581797201225471,-1.6050082829260672
0.41629558296160574,0.6050636059036723,0.7206868067399035,0.4211767499593533,-1.0,-0.45562808386722287,1.2613101566460807
-1.0,-0.10655829892686142,-0.07895603787829042,-1.0,-0.2392211210494104,-0.9170021738533135,1.72746280464196
0.7260923430060058,0.2785675161514606,0.31390850299817685,0.15320215260028847,1.0,1.0,0.3115442818451053
-0.5591340495497716,0.7484976140232579,0.9711690378972785,-1.0,0.3510528935140896,0.6157580650276321,-1.908771737146326
-0.8191227756768376,-0.2826490610219595,0.016754844281590908,1.0,0.894784957260605,1.0,5.403022244859882
-0.04338331386535402,-0.9183093725414959,-0.6011663117035663,0.03425697247774234,1.0,1.0,2.6953017091110834
0.4284351315759796,-0.5454767202746122,-0.7501576732246502,0.9896264106784443,-1.0,1.0,6.19658207253425
-0.6333384441004426,0.3736057764227637,-0.24497724406269028,1.0,-0.4017561576433518,-1.0,1.6531727417688367
-0.4526551708616382,-0.38116583339980353,0.5575467022215232,-0.41232522388474,0.06807517520457074,-0.15955891045251408,0.7450504437306743
-1.0,-0.5005531480554566,-0.9033085581961877,-0.6182037219055738,-0.004487808457277365,0.6097315200930807,-0.5542071813753919
0.06928615338839714,-0.3195666700075798,-0.21124163458805936,-1.0,1.0,0.6650400392787076,1.7620780378961043
-1.0,1.0,-0.868976042783865,0.3981692302193307,1.0,-0.4824295125178408,3.7143162821055666
-0.3230282912553471,0.914092375395148,-1.0,0.4801421103631386,-0.9545861395755961,-0.4367122310135886,1.470901462207679
-0.28704795921339094,-1.0,0.7871883338545227,0.5992350520530138,-0.19788741243864086,0.025454680893594983,2.475469328007045
-0.9816690768253922,-1.0,-0.4360506546816132,-1.0,-0.49385822714921057,-0.34416143131628485,-0.5102660106795824
0.030504172213995262,-0.13872570712325166,0.31689467188175807,-1.0,1.0,0.8345049949614209,2.1871422804262366
0.8348612405657756,1.0,0.6380335117734109,1.0,-0.6386778790801216,1.0,2.583152469104464
-1.0,-1.0,0.43038314526868854,-0.13442923189428346,-1.0,-0.10027092131164367,-0.6477429536588886
0.4840938897447433,-0.5538821220146135,-0.8093038931582148,0.12952374340874198,-0.2787861927686197,-0.6979861968585388,0.6579978580181001
-0.4261259025582059,-0.3748132432419892,1.0,0.5934909250789266,-0.33269763109400485,0.31743602081234035,-1.6819316190098386
-0.6253900088789295,0.08154630107632244,-1.0,-1.0,-0.530011116365378,-0.6392573913648671,-0.7170297346806467
-0.7736883977104114,0.14151082304908352,-0.08847990689690927,-0.17301075772820612,0.4913178788334669,-0.09289100983653109,1.7402134796150759
1.0,-0.006197397215064349,1.0,0.6528181317824044,0.9708659944716098,1.0,-5.933912657826076
0.8926165601802982,-0.23689782126893105,-0.14355152687383638,-0.10223439960644679,1.0,-0.36310052698952844,-1.7120402454187784
-1.0,-1.0,-1.0,0.6106416849367566,0.14365739800200886,0.3207305268525724,-5.417496862924737
-0.7421178523594234,-0.6999426489650726,-0.07875601952734301,-0.3369214120409225,0.18381298320925277,1.0,1.2084300076833834
1.0,0.9168928770199338,1.0,-0.048484577175664234,1.0,0.6896953111003763,-5.1575802186263235
0.5813198274250125,-0.2626698517789505,-0.4231590945519792,-1.0,-0.21818998059973438,-0.168039607587684,-0.1601224087575891
-0.5644583762748367,0.38131833194738624,-0.9379026081002896,0.1586489221155727,1.0,0.38520891595081874,1.1613728124858447
1.0,0.2996206594010141,-1.0,0.0663454806862166,-1.0,0.36808262193782554,4.771787468393102
0.16633923473754764,0.482417689317461,0.819796333084506,0.6569203282876952,-1.0,-0.3340356339176873,-0.034509975709598795
-1.0,-1.0,-0.9971497645352512,-1.0,-0.5622329026533086,0.8846473679361597,-2.649952668502519
-0.4399912119872835,-1.0,-0.9304528682301867,-1.0,0.6510149470786599,0.39263968493310086,-4.347026362334914
-0.1472972839689299,0.6826108635518752,0.7433074385939503,0.345453748912927,-1.0,-0.2831230385262945,-1.3315251049661887
1.0,1.0,0.46807087801353653,0.9308556201279141,-0.42571493847583286,1.0,2.7927168030419933
-0.44128025015633554,-1.0,-1.0,-0.9366764092112106,0.48458244740474404,0.035984763912871864,-5.661557826393071
1.0,1.0,-0.22171210671318534,0.1176863759681631,-0.5015937926318552,-0.593790930051888,2.83403945419128
0.29964602654565,1.0,-0.6146195450853491,-0.4238380728157038,0.5359859398096654,0.7618437823034552,5.0311208852964056
-0.9614530555294905,-1.0,-0.41997566496794275,1.0,-0.33658557750150275,-1.0,-0.5779443942726339
-1.0,-0.9309226180077601,-0.9490357939975844,-0.9515273476002852,0.6751811795794518,0.22444316579786738,-5.423237413443266
0.9293036279625275,-0.5495854610077049,1.0,0.048661521151142945,0.6961004961633762,-0.9859956580630189,1.380992433255541
1.0,0.21154757076115915,0.16349801213684634,1.0,0.6169545674705894,0.5793967808069291,-0.7638204916183532
1.0,1.0,0.8802417284972408,1.0,0.2778700849886545,-0.8909358064649834,-0.30094629163546427
-0.2689092382284348,0.10335918520312504,1.0,0.7149554577260073,-0.6423928446865483,1.0,-2.7893750811199345
1.0,0.05927399697794544,0.07960428188504143,1.0,0.4106342170510985,0.7685341557712602,0.04314816496125751
-0.8165041473168014,-0.044807149159637405,0.8741259501288549,1.0,0.8513459527754357,1.0,0.6876508642994039
-0.6211762438397357,0.6932353613304204,-0.5328666298179395,0.023990548529725444,1.0,1.0,9.154552083030811
1.0,-0.41054606259744697,0.32855874997306533,0.5704813822973912,-0.40657613930937253,1.0,4.380830012671844
0.5506841413183468,1.0,0.6258573696270919,0.7110543527123516,-0.9542006913015165,-0.06852762634487519,0.8832184501219527
-0.2968726984043304,-0.7004901173912129,-0.1366415626428119,-0.7542143344780041,-0.24880275540563293,1.0,0.9940334750351508
-1.0,-1.0,-1.0,-0.46317951097691523,-0.2505877263197761,0.9351093069523391,0.050518271098530076
-0.25421910199590947,0.48636344417083177,-0.33579871017904617,-0.01180369039586543,1.0,0.16827092955728717,1.1520958246291104
-0.006957133366834983,-0.3237489752366738,-0.327431927551673,-0.9899208956482606,-0.6879540952397555,0.6349163283816166,1.2026603681901766
0.3853230342768037,1.0,1.0,1.0,1.0,0.3370309760591426,-6.539230833822836
1.0,1.0,0.17808108413644153,0.5819563991830448,-0.8352391191137832,1.0,5.859282976253662
1.0,0.6405362325720823,0.6238562672929095,0.6369520871764003,-0.37504858761672005,0.7227930299556511,0.8874376306054232
-0.9005177360171417,-1.0,0.04220210757640196,0.6974857106696588,-0.6672124444816885,0.7469031499366907,-0.5037471235854037
-0.006303198294649537,-1.0,-0.8276270134351895,-1.0,-0.41091264399620975,-0.26331044918591884,-0.2514488346692484
-0.4919826894916961,-1.0,-0.42066201834905126,-0.9530239640232745,-1.0,-1.0,5.656810740925858
1.0,1.0,1.0,0.9045906161272292,-0.2986830506855642,-0.05931305446106061,0.9830354180605297
-1.0,-0.4834630441605844,-0.8900723685547658,-1.0,-0.7317088000676703,-0.6433401801512417,1.060528079163503
-0.0049339385236211175,-1.0,-1.0,0.1989060003276636,0.13238045658503195,0.3912853442880028,-2.0005497469342757
-0.18492514927418335,-0.9430581945966048,-1.0,-1.0,-0.23509188724375207,-0.286434557741889,-2.4032438854138425
0.7125984673207003,0.7970564797777158,-0.31048600618817024,0.21486001975551594,-0.08559167837732683,-0.8202607842080621,2.6993821040596226
-0.17708316656598677,0.16983637647206262,-1.0,0.27951744976728343,0.15773278656738748,-0.02077741580606246,-0.09112943238017136
1.0,0.6988904318966516,1.0,1.0,1.0,0.20884957561469147,-6.5284737770006585
-0.4337647226817518,-0.3418885414513002,-1.0,-1.0,-1.0,-0.4073955784417127,-0.33957298368696753
-0.8435282620166312,0.6263990414456839,-0.021235989511333764,0.06650549801690775,-1.0,-0.3346021713406195,-2.0261113524935754
0.36153628550490813,-0.35826423346184827,0.8739503286883574,-0.3412853363323032,-0.14498771863088133,0.8850908196974827,-0.9108584148749104
0.16463584014006882,0.6687490878832067,-1.0,-0.01982455134392125,-0.5944175011978509,-1.0,2.1633552827383857
-1.0,-0.2947722079952848,-1.0,-0.7101035163922218,0.8871270528989521,0.14550934599841525,-1.9238405557239249
-0.5996222948851417,0.03096400641910646,0.9777990944581334,-0.9831033779531269,1.0,-0.12278329050747344,0.11489967840561643
-0.594988187235121,-0.9615915349938525,-0.37166359505677454,1.0,0.5192126986942025,1.0,2.4859927212807293
-0.47031390404167794,-1.0,-0.3918062648661898,1.0,-0.4300409911591798,0.8243174676746704,2.355775556255444
0.14268967035985924,1.0,1.0,0.590336319811327,-1.0,-1.0,0.33495738034315126
0.6083113980213949,1.0,0.3973291088075292,1.0,-1.0,-1.0,8.163497829347529
-0.057397461770147484,-1.0,-0.8848081896914977,-1.0,-1.0,-1.0,5.577998777037298
-0.6583266830924465,-0.6418297900134062,-0.014730664539289867,1.0,-1.0,-0.8724230436302238,1.1781857374612712
-1.0,-1.0,-1.0,-1.0,0.8352513611228781,0.3687080015793041,-7.561021107799983
-0.2711940729929547,0.6333498380412412,1.0,0.9895190331765941,-0.7951740771552942,-0.6259028708087033,-0.841685440094841
-0.21840929825088384,-0.6900545270140233,-1.0,1.0,-1.0,-1.0,-1.5178896905654593
-0.381208683454991,0.7885355983179033,-0.0680696616128107,-0.2742049640739689,1.0,0.22488739014241488,3.3103071614551096
-1.0,-1.0,-1.0,-1.0,-0.8348194219607319,-1.0,4.028182967089743
0.3371663729113198,-1.0,1.0,0.1770112383952473,-1.0,-1.0,5.928981110148444
0.808682064909838,0.5898530894568006,0.7798880654352207,0.37349180226574963,-1.0,0.2502749587030786,1.927782126445251
1.0,0.9660414469716534,0.5093678538717957,0.04750453236070354,1.0,-0.8980898589868819,-1.3463169778068917
-0.09538463370629072,0.14399703097920208,0.4046860041135681,0.5696640577588803,0.6773694345240484,1.0,2.323954086613364
0.6799928662011476,0.14827663865221125,-0.750666645816697,0.18365418447957882,0.1591156632644673,0.2647040636201258,1.2258562375009494
-1.0,-0.6858786675262549,-1.0,-0.55747144061934,0.8064986258124454,0.8655891002210787,2.583838420379018
0.24194826844437833,1.0,0.9454747452716463,1.0,-0.06366364656940993,0.046717182841910954,-2.864229882529166
-0.30758605240210246,0.8877752415891009,0.9169336951124238,-0.09328106365011657,0.5020581811562581,-0.805505029339143,-0.5060305596983453
0.051275120778184,0.6577003498637319,0.6652413353461752,0.6063660840725377,-0.713480879241239,-0.20880561398482883,-1.4471707408932595
-1.0,-0.47473540457707875,-0.6645578052900084,-0.5074201071266697,-0.5417901710290594,1.0,1.7302577635559024
1.0,0.6904796169857028,1.0,0.25077350382721053,-1.0,-1.0,6.3293491485269255
-1.0,0.6917159506048778,-0.6685504522499345,-0.9139324247829007,-0.4941961473687359,0.6138085180835494,1.769163865962609
-0.30647659315816467,0.9255473226959792,-0.5431992178556554,-0.36572875923643017,-1.0,-0.3389649075520649,-0.2183470634002375
0.06718651903328687,-1.0,-0.9938862927240655,-1.0,-0.15975375959054394,-0.6323412356354244,-0.0006978922350318051
0.021881865105539022,0.5901137623495696,0.6481113661791245,0.743005355476122,-0.859116972358015,0.030723354489426313,-0.2547043535919965
1.0,0.35375238981205603,0.4219020775402976,1.0,1.0,-0.1298644904126054,-1.7926617025450762
0.7603651105579847,0.2378719414379345,0.7034699055822382,0.6958992939673065,-0.7447943294233693,-1.0,6.8282726584619615
-1.0,-0.5814098584733094,-0.4810658212702632,-1.0,-0.048536294320279394,0.1380313496224404,-1.7452971413959597
0.555217176882781,0.2142843238581108,-0.0334279775348002,1.0,0.18616470034030197,-1.0,2.9518411218442817
-0.5482727963544083,-1.0,-1.0,-0.945581898941465,-1.0,-0.3891272529811167,0.3398934789788737
-1.0,-1.0,0.7781904481897856,-0.6768531026069252,1.0,0.9912840767280566,0.129909073876872
1.0,1.0,-0.033448708353782,1.0,-0.3414381749636962,-1.0,7.927917080337958
-0.02923371166560562,-0.9627535814776115,-0.11832958733500276,-0.5673843647964663,0.9487689951592201,1.0,1.1599201105268995
-0.041571415413260704,-0.6860049277734902,0.6235831127948726,-0.27933690071885714,-0.1923309700065729,-0.5928582687055198,2.9179420545013453
-0.02060448446362112,-0.162735085999822,-0.016873380847555713,-0.8153046625764205,1.0,0.1076436552597162,1.0575547026219079
1.0,1.0,1.0,1.0,0.010746905343021695,0.7370927921567919,-4.911205233190992
1.0,0.42460646901534604,1.0,1.0,-1.0,-1.0,9.773721013882255
0.2696221084799968,0.37696449590270686,1.0,0.4930372476980067,0.9239973003454893,-0.34774398492395175,-0.6103468837732431
0.09602920388324288,0.5897292413553146,0.13736333959610547,-0.14499527254758604,0.8417197631369657,1.0,4.280955829439913
0.8649917428926079,-0.5502945628545473,0.6112830265126104,1.0,-0.502081966764108,-1.0,7.171882163627407
-0.734247610358497,0.4680038246109567,-0.06893832789399945,0.6481928783802113,-1.0,-0.5990814372366537,-0.13402560320427526
1.0,-0.040874815657145125,-0.8057576678067557,0.0397703567750749,-0.738135420239564,-0.5855333440659793,3.30967195754682
0.5036218274254468,0.44023177535659874,-0.9958962651221854,-0.06443238801106954,-1.0,-0.7525330600958422,0.7676835475685776
-1.0,-1.0,-1.0,-0.22563734896657128,0.5452865718402881,-0.7934734593487733,0.5635104637221428
0.6751070297330747,1.0,0.5002745693597057,1.0,0.5107969782211006,1.0,-1.7692414694347012
-1.0,0.30904995572425153,-0.054508152360340345,-1.0,0.15393142687280145,-0.4501416557444281,0.5798584243893548
-0.1822000312366615,-0.6052616551614023,-0.3329181532497545,-0.5184846213854213,-1.0,-0.8387551212521633,2.7759097108246857
-0.055345050127520556,-0.9903298880274191,-0.4091908547614872,-1.0,-0.3859569431122443,0.15597171941345045,-0.002249569757950487
1.0,-0.3419341502216884,-0.18754580065964577,0.18981513372106543,0.8819201915612092,-0.3179122595607238,-2.45722612491806
-0.1821204643163552,0.7444122134481277,-0.5658025876766799,0.49087447350291646,-0.8510811410157592,0.33544045330146055,0.7390506421820934
0.7295422431649512,0.8540788313723038,1.0,0.5114483286909772,1.0,1.0,-5.203677055474069
0.03805142174531287,-0.3314585057700245,-0.6398752532687106,0.5076088960908538,-1.0,-0.7571025462417742,1.138240775580416
0.3469103443075966,0.307885661281303,0.18572327236762892,-1.0,1.0,1.0,5.304748459909511
1.0,0.7566863344868839,0.42103929127681217,1.0,-0.9909472840594097,-0.8855028628269253,9.657138411383443
-0.07951386244086428,1.0,0.6103971059216494,0.7978120025970266,-0.2500588647479465,-0.5721833521102989,0.17244565206827034
1.0,0.4983255877825194,1.0,1.0,-1.0,-0.4626634969843716,6.740960311716908
0.15475049364997995,1.0,0.6711395655083504,0.10154923141067274,0.10351490995263068,1.0,-0.0029917486999614107
0.38957327976121986,0.6474174550762599,0.048185516414506246,0.9461808094198028,1.0,1.0,3.5238531844945493
1.0,0.13142501278194874,1.0,1.0,0.5982149580021545,1.0,-6.04023622740272
-0.14878150338040697,-1.0,-1.0,-1.0,-0.5115099756857012,0.7828823571680545,-0.5304763272973991
0.7660601479639195,1.0,-0.8346471299439941,-0.8166742029182635,-1.0,-0.9635379730874316,5.911712402452788
-0.05776112611253381,0.7791650087766107,-0.17401686832849594,-0.4343820302073744,-1.0,-0.4406235877829019,0.013678863333870833
1.0,0.794909722928691,0.06276504671200267,1.0,1.0,0.25834110708187974,-2.590129842916832
1.0,-0.4579507706583056,0.29094730461862306,1.0,1.0,0.10793369301941513,-2.7261348220731914
0.9802880711469439,0.803312824284609,0.9358128479209659,0.533678386872351,0.37900311462128755,0.5167950639413743,-4.055930737199948
-0.044736313566648755,-0.5448989315335635,-0.09225112591274509,-0.886583570719296,1.0,-0.2815795497248847,1.1136951173385565
1.0,1.0,1.0,0.07020582249465401,-1.0,-0.1577166896748079,1.5732359083035958
1.0,1.0,0.17535902413976373,0.27876221052518757,-0.39992935312409283,-0.733516063583197,2.670190173019611
-0.3696128555293965,-0.24861647926838826,-0.7501318268042461,-0.8975357968641102,-0.4977905861114589,-0.23039947869298616,-1.3533659046368358
1.0,1.0,0.6093387003645685,1.0,1.0,1.0,-4.287004010347607
1.0,-0.06940348700521481,0.8409799496297137,1.0,0.769018396990764,0.4052687530433571,-4.446415700314706
0.8417287158544644,-0.5478475788929542,-0.6113683871612223,1.0,0.9299421875177033,0.890965007993387,0.6116826971018132
-0.9906948785117214,1.0,-0.8539487199758071,0.3368302540525245,0.11810034025480953,0.3803069245497641,3.8495998912415867
0.627558293279048,-0.9527775520021373,-1.0,0.0816325075391029,0.041717501009868596,1.0,1.8451716959943993
-0.9856197203866031,-0.5730553266257337,-0.9205896317620612,-1.0,-0.023758677085810254,-1.0,3.968870570429127
0.7992388939114452,-0.48676364923200544,0.8202266895407373,1.0,-1.0,-0.05400873400986761,3.735236051681246
-0.1755242300967732,-1.0,-1.0,-1.0,1.0,0.45521755990367674,-5.0238079572111625
0.4062415941641204,1.0,0.04906319021300276,1.0,-0.948916379090357,-1.0,7.603575081203538
-1.0,-0.909913141390671,-0.6614285160498767,0.2669761758509127,0.06014162893783093,-1.0,3.597349284955859
-0.2535612792822737,0.8696196412990274,-0.501609963268856,-0.3500884707898536,0.3178999060958094,0.6128680072737069,2.6817532301227804
0.24585565443917573,0.41870636316733223,0.003146096353401573,1.0,0.8979557059654883,-0.7203312569522453,0.38797983478406334
-1.0,0.12708373991361838,0.7026007873910112,-1.0,-0.5247795144096619,-1.0,0.4801662183195601
-0.6467870689860032,-0.13671644318514453,-1.0,0.10536546084813359,-0.1640704659606398,-1.0,4.525126229382773
-1.0,-0.2184558795075741,1.0,-1.0,0.8246792795082976,-1.0,4.15479514728889
0.8046265341797312,0.9415558142196322,-1.0,1.0,0.8928526518228235,-0.42678245061095477,-3.304107014932567
1.0,0.747951859086652,0.014870842873821122,-0.2642372115796344,0.9233888742490484,-0.2626204352600146,-1.1710440646343097
0.08210717806063483,-0.03444390032031075,1.0,1.0,-0.6974676281798162,-0.3869274535833124,-0.796014174098387
-0.7526239470920006,0.0006962745353349398,0.7796855959630894,-0.4045149435679596,-1.0,1.0,-2.9339970639010815
-1.0,-0.36826409328669185,-0.7612524763018942,-1.0,-0.23756288859155084,-1.0,4.269712862009008
0.8329222547521528,-0.5641408386479692,0.8590223363897567,0.17625384577528153,-0.8032038291091992,0.29782448127411953,3.361106706920037
0.27376835622777473,-1.0,0.3609559263146136,-1.0,0.19415524405069082,-0.7060062405264265,5.039071589781357
0.10644973185394058,-0.6134819559623539,-0.6707862471818846,0.1881915098114798,-1.0,-1.0,1.0538998741257326
1.0,-0.9552524672313712,-0.4632475627624518,-0.31894998418399595,-1.0,-1.0,7.132078095684388
-0.4599711748992267,-1.0,0.3031167093750289,-0.2225560335207501,-0.9573462046247454,-0.8730138622726171,2.9899996528982093
0.4493357673324538,0.39262479630495534,-0.4069618196173573,-0.1850365300628103,0.4644037275396664,-0.06416784443853396,-0.3444014218615074
-0.21016263884452602,-0.18028658468819914,0.6416930858834804,0.5812045901127663,0.18974150428045555,-1.0,2.9405802944592
-0.0697539503232682,0.377077104998215,-1.0,-0.5987077416235311,0.18299051187873994,0.649631118723412,2.89168987451076
-1.0,-1.0,-0.23769965201372,-0.0962131366238308,-0.3851203429724078,-0.8615689035996417,1.7808049126543202
0.08511721527012472,-0.34047666889670314,0.21032445271179967,0.042295133518820194,-0.04906015025406002,-0.34324207678864205,1.445455617024581
0.7349350000689614,1.0,1.0,0.05831022057526014,1.0,0.4775630428398888,-5.016497128461233
-0.19748079611479474,0.20780624855661234,0.9031578381382879,-1.0,0.807269904936681,0.24379240812629166,0.01278078995284778
-1.0,-1.0,-0.5689266776044407,-1.0,-1.0,-0.36876430478085154,1.4644700050293948
-0.7064156950754794,-0.4577157953493405,-0.3658063806998946,0.01061808011750831,0.05440974149882155,0.578478282891549,0.047403547344151975
-1.0,-0.7982038286325562,-0.9134062195651316,-1.0,-1.0,-1.0,4.351353026239658
-0.5214334323982335,-0.019050007104095545,-0.0031910594432120742,-1.0,-0.3785507569252664,0.03325287444066968,0.07150906168977961
0.05630571764341774,-0.8743328840591968,-0.18944242066670047,-0.5909056730043512,-0.6755594348381109,-0.05164220146442361,1.1489662912734524
0.5294214107727983,1.0,0.9194898551710501,-1.0,0.7851446198804135,1.0,-0.20808920135417827
0.09743343208618849,-0.6740571866349432,-1.0,-0.671669481456973,1.0,1.0,3.6128710000751854
0.8648396427818756,0.07408550698702321,0.08310687423436414,0.8026358886089686,0.5201206781207196,0.26617860351388467,-0.5051538520949815
-0.9094547522896228,-1.0,-1.0,-0.6624784597525457,-1.0,0.748978645208003,-1.722596464955907
-0.6928426413253937,0.5250993213700613,0.7980590867041676,0.9981012994639871,-0.3393040226757334,-1.0,1.7159650588239506
-1.0,-0.09576587774414097,-0.11728929773676189,-0.2722326265521837,0.21924921896321303,-0.9870564460383409,3.791458485833932
-0.18670252694968387,1.0,0.32404298898748785,-0.8872276432478365,-0.2050805862978038,-0.24263824521966992,-1.3323701545618445
-0.06616850324968156,0.2999871566560781,0.7754808887477904,0.9176691520912543,-0.028076560403284545,0.9432737080908713,-1.7951577519482387
-0.37717448470329334,1.0,0.14099916927396555,0.8781435847787065,0.39566867519289395,-1.0,2.620063733718069
0.14502934684583124,-1.0,-0.13124020663221492,-0.9307684171172623,0.17896406858709574,-1.0,5.801236352494814
0.01774153934532692,0.921146890446748,0.3333461778154723,0.9156560467808996,-0.2139234091105715,1.0,1.1427484512612922
-0.42623388297946074,-0.30929410553852243,-1.0,0.41260022559731174,0.5459443335675553,0.40051836160163345,1.49660216426099
-1.0,-0.8011149107660345,-0.10450374379010285,-0.84529981373669,1.0,1.0,3.111022535908581
0.3097646051319777,-1.0,-1.0,0.36707857009041306,0.8272113200838938,0.3854740203546146,-2.1621749429681043
0.5590131460228629,1.0,1.0,-0.629049086936484,0.5688413888880275,0.765606550756649,-2.7083008473956367
-0.5312359684689367,-1.0,0.059018073353713174,0.5485707525410513,0.3280868928850561,-0.541948010865658,0.5918959978875491
-0.5871564732749658,0.755789143509986,0.10222954905568216,-0.19924891513913956,-1.0,-1.0,-1.871705451776536
0.7708090988380225,1.0,0.1787693446777331,0.20062578139305098,0.9385354365770672,-0.16905186834944524,0.39973510409200586
0.2889794593374122,0.9134182648715695,0.9337377625111878,0.6350879740208222,-0.019414701386071986,-1.0,1.2639017297171664
1.0,0.9390220296640464,-1.0,-0.3526045677996457,1.0,-0.30467300707622796,-1.3341495520507942
0.49939404380859426,-1.0,0.22410705527985575,0.2038078205820344,-0.8588463283693526,-1.0,6.917140539262274
-1.0,0.13947650388013658,-0.0007668465930874557,-0.6185708539249531,-0.3380959180269104,-1.0,1.5392362374165134
1.0,-0.4934108523775065,1.0,0.5113964806006321,1.0,1.0,-6.659125199763634
1.0,1.0,0.12953343212656598,0.049843664935995236,-0.00757909925935929,-0.2982763240365882,-0.14659749716746734
0.3136562155252798,0.2424924495091867,1.0,1.0,0.8427539564524482,-0.0584710047575292,-1.9861095238177866
0.6256500264649668,0.0033161903422353894,0.9433293450278775,0.42454615867976636,-0.47859404181175447,-1.0,3.983164565109825
-0.17084012230272927,1.0,-0.9866500672584412,0.6500415041646396,-0.1274077412309061,1.0,10.32085369083049
1.0,0.276345063874503,0.3735838515344707,0.8037699992414772,-0.6278504765272287,-1.0,7.317888326461343
0.03749981320340177,-1.0,-1.0,-0.9084526809596617,-0.19453785992592443,-1.0,2.402163220298883
-0.8920619897193245,0.19007429812771065,1.0,1.0,0.2943340034718658,-0.8279195003820753,1.4204502475070777
1.0,1.0,1.0,0.27002173454744194,0.45347512741442936,-1.0,-0.86174595522077
0.6797916889330462,1.0,0.4006709521437073,-0.22428396836455788,0.30740539471478434,0.9630366268056298,2.5582005144440148
-1.0,-0.6857491019219242,0.8744678876167787,-0.9761316913981095,-1.0,0.25206488539091365,-2.1655801532071774
-1.0,-0.8149263120673103,-1.0,-1.0,-0.3252121919460107,-0.33703347287316776,-4.446841407516564
0.8821716685484189,0.8330269609121643,0.05280051278417863,0.8009203432174605,0.13619171513381123,1.0,1.716440268952558
0.8644092892963178,0.1413007834921595,1.0,-0.6531549655792567,0.32707938907649303,0.5993310284029998,-3.310279267969271
-0.08427609506619127,-0.5004085344570367,-1.0,-0.48943185433050873,-0.2878657719093343,0.2931040295222661,-0.7853110779999664
-0.062250112366615484,-0.8618056020459792,0.16881186437357132,-1.0,1.0,0.5670854470534263,-0.3154445684525635
-1.0,-1.0,-0.8084757290438223,-1.0,-0.031221368057051002,0.9914718807395222,-2.3428472447361868
-0.10789440123915084,-1.0,0.5682592585620305,-1.0,-1.0,-0.5256835264451334,8.167089827445462
-1.0,1.0,-0.8346993285783078,-0.20275497695669753,-0.0908639707131711,-0.9901566805598341,5.696237372488497
-0.4190532017619528,0.6615068034831786,1.0,-0.4782540160231001,0.5539982282780451,-0.17607971414888002,-0.10300107322682428
1.0,0.5545870852798682,0.9445938028212586,1.0,0.11459364038195963,0.49609714261140786,-2.310388544543262
-1.0,-0.5809909153555799,0.8561448093236206,0.23162316125512522,-1.0,-1.0,-0.04928444821035072
-0.8232340749315631,0.07006351808831579,0.4490836760310123,0.36896801608177987,1.0,0.981700510699728,4.783361769651596
-0.1010054511095552,-0.5852848487727577,-0.15567006166155475,0.2783347748278145,-1.0,-0.7148349358813226,0.2760279254713266
-1.0,-0.6913623106827229,-1.0,-1.0,-0.8615187163309683,-1.0,5.115056469643542
1.0,-0.26603484153040113,0.9724544234467223,0.8959844660129472,-0.5728545974191005,0.079883490785151,2.88246750810101
-1.0,-0.5085671058418162,-0.9142620951716061,-1.0,1.0,-0.04909652663378927,-1.7761318364442265
-1.0,-0.061660974953789305,-0.3904236253600222,-0.723095485419947,-0.8604224698383617,-0.3940991029036287,-1.3276352515392789
0.4705419146725809,0.70794767389343,-1.0,0.04649874898958706,1.0,1.0,6.72216220302939
0.026196378179395463,0.37330503945457405,1.0,1.0,0.5620572078751842,0.36314284265088587,-2.2699537447183817
0.04635415081183947,-0.30833804575042917,-0.4313286941445335,-0.2458445939382864,1.0,0.876940071191002,1.983093309569299
0.2124262406044064,-1.0,-1.0,-0.11999970948715694,-1.0,-1.0,2.203735261991081
-0.34027022892337655,-0.26831094771067165,-1.0,-0.10731545351440075,-1.0,0.5959299961496576,0.4701253931576045
-1.0,0.08450434787447564,-0.07711287340428008,0.29658272848358513,-0.867856302251226,-1.0,-0.5441091218599676
-1.0,-0.48116419297839297,-0.3592903865725541,0.699837030680369,-0.47987950720808575,-0.035486003318116105,-1.240033938412436
-0.9383230030364766,-0.7818021735913245,-1.0,-1.0,-1.0,-0.258277269417158,-0.8189131855753355
-1.0,-0.6996514663176703,-1.0,-1.0,-1.0,-0.0233904971889336,-1.6383388529366463
0.0193800522981131,0.5121790105765689,-1.0,0.4247347669546008,-1.0,-0.658374647299557,-0.611977752248634
-0.4106283749540205,-1.0,-1.0,-0.43153009803326925,-0.9713221353546346,-1.0,1.0174206549874834
0.15608674693227098,-0.09267937765503004,0.9403357688196498,0.3544502568270729,-0.5287493344370715,0.7478901225725538,-1.0943846576405156
-0.7576880408988032,-1.0,-0.4278303921314204,-0.7346597524382017,-0.8297661326287821,-1.0,2.707190115968795
-0.5274035609352856,-0.010037089314868908,-1.0,-1.0,1.0,-0.9144642531531945,3.2916222018768315
1.0,-0.47770641092519783,0.741426704010816,-0.21118689705942117,-0.88073221577399,-0.15479102646401588,4.325546485127288
-0.26617250630392286,-1.0,0.4027321135647449,0.12509957514775089,-0.596166225025206,-1.0,3.890490621186444
-0.23052514776527433,0.6025513089067095,-0.3521749265208387,0.7859448921522523,0.3781093416274375,0.9159031226287819,3.360877764335782
-0.3179734209822829,-0.7366819969410344,0.8944972683707724,0.1969654614947811,-1.0,-1.0,1.7290240615999144
0.8434673926930365,1.0,1.0,-0.004352718325913954,-0.6158535779198598,-1.0,1.4010914560847323
-0.2689007237596446,1.0,-0.09147913246475708,-0.19415164579779387,0.3868801426439439,-1.0,2.0144551718565062
-1.0,-0.631479114760167,0.5583774322087416,-0.7344911201565927,1.0,-0.8409568962295342,6.657609484936861
0.9419853900781255,0.63387136464358,1.0,-4.025364855964053e-05,0.6392578134628035,-0.17000625126558427,-1.7973328340816423
1.0,1.0,0.9531533968656587,0.4182517427098441,-1.0,-0.7095715094031909,4.489533881444988
-0.7394086819931315,-1.0,-0.9859037205461907,-0.8243224778642291,0.08992381146750913,0.05242757404520593,-5.363901121956975
-1.0,-0.019644609334982244,-0.682144630869395,-0.7478130126633885,-0.8489634192728257,-1.0,1.0198602081951806
-0.12408160814528435,0.2216384436725905,0.02411912257849247,0.04688651104207009,-0.2669253720367034,1.0,3.762281376407274
-0.1932305392894511,-0.5294437219472643,-0.9028098713509446,0.1801510279453219,0.9023295646839787,-0.5697804078764392,0.0571192642753402
-0.7983716528607253,0.8949448049532494,0.588282644657141,-0.13597526950563282,-0.2475145742508734,-0.8030666958886926,-0.2487236496517659
0.9798548437557707,-0.10331705305643496,0.2455245055752463,-0.16959836079585222,-1.0,-0.27325438536223146,3.9705830819289565
0.4973597542828288,-1.0,0.261395021887402,-0.5833789911771706,-0.6914441680721908,-1.0,7.752317147216197
-0.2808467662006342,0.30149420620894424,0.08160773778541763,-1.0,0.3251626088049795,-0.12196769657341401,0.8989741870662402
-0.2274233084453705,-1.0,-0.2663778868996114,-0.7593191672044071,-1.0,-0.642826687500575,4.286231928751786
1.0,-1.0,-0.003845616931911905,0.589208296453235,0.5733533008733006,-0.5766335861949846,-0.6333982980424021
1.0,1.0,0.27443078576501745,1.0,-0.3190354653562554,-0.330928334916708,4.198947327432315
0.4497270482331744,0.7145332619065917,0.506645600194986,-0.5987227368666501,0.6814559680097496,1.0,1.2676552109638721
-1.0,-0.4998956423075165,0.13757598206947097,-0.5871683164068167,-0.01665256883156241,0.6969137270968869,-0.7993093854227034
0.43497961848717037,-0.3251459347968061,1.0,-0.4021351541979462,-0.6568494184140159,0.7965243177721829,0.031694383143425875
1.0,1.0,0.4137532831075226,0.981942278245149,0.030861741941905968,0.18924053924191267,-1.2131703630958275
0.15545003297825993,0.6380872603157176,0.44592183754365444,0.10564792670601456,-1.0,-0.3423579039216975,0.25594473297665077
-0.2069185672627215,-1.0,-1.0,-0.4591664178406034,-1.0,0.029733109473831565,-2.440045581184821
1.0,1.0,0.6844674607712538,1.0,0.6317562100598821,-0.9090217810198217,-1.7147223937575713
-1.0,-1.0,-0.9451957885911124,-0.5668221513451293,-0.9970317072249082,-1.0,2.763269198855062
1.0,0.028556058983525368,-0.1633657645687977,0.38276103706184017,0.6844996492387866,1.0,0.7211769548395817
0.6725223614293971,1.0,-0.8946399476666389,0.9176075130825312,0.20481060667880802,-1.0,3.8206835617693935
-0.811524986604733,-1.0,-0.7639224317544704,0.4320861591951878,-0.3294074846385351,-1.0,0.24585093235663258
1.0,0.49975352818384255,-0.7189858494135173,-0.453281375024055,-0.24252346182031603,0.2908690676590955,1.7845780209141007
0.8420966090621469,1.0,1.0,0.635884181724979,-0.7233921549800587,0.4628016993086683,-0.9272587242633267
-0.04951712199098879,-0.30226068612315404,-1.0,-0.7752315916877777,-0.1336878607980725,-1.0,3.5065955803527595
-0.34224543564902254,0.5431855209549781,0.924931563457378,-0.058220112053259,-1.0,-0.38996076157780313,-1.6731602191576707
-1.0,-1.0,-0.13156126910117427,-0.8829329366866929,0.754844819044917,-0.4724391626454656,3.2565294975169357
0.10498602338980434,-1.0,-0.2724116255498976,-1.0,-0.6126373034279401,-1.0,6.682400457145086
0.8527826315431281,0.18008822410174286,-0.0030079936983967437,1.0,-0.5615507474649237,-0.6567042908326882,4.49565919462344
0.10919436324876365,0.9648748310154738,-0.40510184109102537,0.9722364027148347,-0.5472408555290842,-1.0,4.287511092930846
0.7847168666919977,-1.0,-0.4195576391832636,-1.0,-0.07272646333395283,-0.8119543294521494,4.036562090533116
-0.7201102413942773,-0.487720181675681,-1.0,-0.6466369319349902,-1.0,-1.0,1.7644374460344276
-0.5988275691900475,-0.3866707266056394,0.6913803843387418,-0.2605529906079971,-0.8096642412918933,-0.4200142216044096,-0.5378994995290004
1.0,0.8808881257889355,0.8301832040512193,1.0,-0.7000696278061451,0.3037328024553181,1.5112786646514116
-1.0,-0.42184464245978504,-1.0,-0.35707849220367377,0.8994688399548505,0.5524751125723728,-0.2090742279328358
-1.0,-0.19380838820960272,-0.9338675985263263,-0.9643020022768279,1.0,-0.011193465308155903,-0.5773225945336637
0.7451841499315037,0.10651698754969052,0.41989742053891477,0.6213393601487647,-0.5078911462156854,0.9901289160418634,4.093102413728634
-0.8213286412420073,-1.0,-0.7364521995081519,-1.0,0.3385544324300324,0.7693624712967135,-3.906484677924464
-0.20449946154584892,0.238002615168173,0.9042344267969599,1.0,-0.1644045745084498,-1.0,2.089813824819294
0.8376938788505339,1.0,1.0,1.0,1.0,1.0,-9.021097818858557
1.0,-0.07011824458936636,1.0,0.5855984350159662,-0.7813311955121882,-0.9483650799791635,7.53472828813666
-0.34360675267791985,0.12996514095181322,0.08817361580656313,-0.585782446106951,-1.0,0.1074871748146844,-0.6425295154049664
0.8015259229984248,0.10454280740823163,-1.0,-0.3625584758454573,1.0,0.9151839331180412,1.0987486716379338
-0.7467203831930198,-0.41022448292969727,-0.5165286505656048,-1.0,0.09906825793570606,-0.8458053228360779,2.4298524342435526
-0.4946902825735534,1.0,-0.7312466920838566,-0.2121936566787428,-1.0,0.7704526266674299,5.68580168155448
0.35186875792521166,-1.0,-0.2995470080545858,0.2419169659620783,-0.7028421390958943,1.0,4.039332503423183
0.12717027573589243,0.9419349746741039,-0.016089720114006056,-1.0,0.5622295388587673,-1.0,-1.5576941926574663
-0.07805921958162687,-0.24414382205322155,-1.0,-0.746330899819258,0.14448621601179745,0.9668399263161094,5.0492917048620845
-0.6715516548485814,-1.0,-1.0,-1.0,0.8373434572721414,-0.6785178340156315,-2.0771435582788103
0.42250942045975187,0.36802792159823855,-0.45825302132333623,0.8013901335296466,1.0,-0.009259965293223482,-1.0653585043873923
-0.37790246466923016,-0.374454535096439,-1.0,-1.0,1.0,0.19592298665123553,-0.03708849329988667
-1.0,-1.0,-0.051269030929700365,-0.9960293682151251,-1.0,-1.0,6.2546523662408715
0.8515440869137486,-0.45258107942194803,0.22710954127024563,-0.028851163283433096,-1.0,-0.7007348225025611,5.7755949985834425
-0.903997169168365,0.07814088458986412,-0.6410039369739425,0.05916933046987838,-1.0,-1.0,-0.5293559250167669
0.11751964615590399,1.0,-0.5873355169571451,-0.10158258827795053,-0.9407826866342837,-0.17914148179691525,0.18052203168353587
0.07286186002447126,-1.0,-1.0,-1.0,0.09338007826007585,0.7112322351542588,-3.3015280675732352
1.0,0.28028005180112103,0.07846985219566882,1.0,0.3586829910398118,0.4539070983068695,-0.28505105174628087
0.29517627841990746,0.6896220261100277,0.5691060303659761,0.04257996519400864,-1.0,-1.0,0.8580800461300377
0.46454379422292635,1.0,1.0,1.0,0.03957925696238784,0.929465101304739,-6.328522876340738
1.0,0.42501226505291884,-0.46455760211268254,-0.08671332957387612,0.6425102981197104,0.5710485071767007,-0.15682017913733937
-0.49410375265879514,0.0675271207820417,-0.647186781331962,-0.4136051138740219,-1.0,-0.591729982609533,-0.9592380765108717
0.7515720872101557,1.0,0.6910498344291409,1.0,-0.1581183627712514,-0.32006230787565504,0.37453681874159034
-0.2505733199116964,-1.0,-0.35090579522780385,-1.0,1.0,0.12788268047398432,-0.3186737353744147
0.04358867178208725,0.0017304361904436627,1.0,1.0,0.31533401285460977,0.88995305369864,-3.107692208471881
0.9444651224562493,0.15508903375271266,0.27153988443800015,0.29264712751592337,-0.14527759544690821,-0.1816526716296427,0.03184559179996127
-0.1590989291999595,-0.3299708000463659,-0.659056679562918,-1.0,-1.0,0.20742958295665753,1.2299997985899485
-0.565054957175475,-0.3641290916133356,0.019616809662912016,0.2601690522252062,1.0,0.48260431369586043,1.4651302781080375
1.0,0.09198319438611491,-0.10804138074729436,1.0,-0.03613649288983334,-0.4344123443549375,1.4841504963795003
-1.0,0.09772374764926467,-0.9699006727238461,-0.5655251448338623,-0.5972802879072746,-0.5243359206623186,-1.1342781722610815
0.018530560558516762,1.0,1.0,-0.6081219402713893,1.0,1.0,1.134570330313251
0.8470455561628756,-0.004670427096845453,1.0,0.3512612967338493,-1.0,-1.0,6.783264291674196
-0.4981670366961866,0.16311969638191565,-0.4190771981949134,-0.8567787236447004,-0.9342679080523791,-0.7109286300733306,0.5125048432691928
0.058702453196039096,0.653585224112575,-0.10272761350734427,0.06023202563210572,-1.0,-0.308390875071761,0.2470188498432232
0.45609208575974725,1.0,0.2567378083305212,0.29183992902756506,0.4196758713970284,-0.7433309120674412,0.180672853055874
1.0,1.0,0.5421908476239163,1.0,0.3487312869903885,1.0,-2.1460388384879368
0.8632711861533955,-0.504635345390591,-0.0422866055630359,1.0,-0.43227849862979495,1.0,5.543232577893575
-0.5011519136077895,0.35195582494968025,1.0,1.0,-1.0,-1.0,-0.7673890713871143
-0.4436444283650457,1.0,0.6206861844307165,-1.0,1.0,-1.0,0.6631386961411321
-0.31415738991222986,-0.8048092665353793,-0.39066608051815965,-0.466381616896936,-0.6451171304663399,-1.0,3.630990663277272
-0.16127606156582547,-0.09047646673568432,-1.0,0.3111618683494038,-0.4207434179501248,0.7596586497469199,3.8978305436975753
-0.06569072482624772,-1.0,-0.05439885551857017,-1.0,-0.3910201648997512,0.5172818169078215,-0.7458641655658522
-0.7512284642198159,-0.3152058922055858,-1.0,-1.0,-0.25772676127032446,0.8323875851729462,1.8863932739791092
-0.5648164631062068,0.654478093208918,0.5522738363889412,0.31267544389694135,-0.3724110423110063,-0.7203743295016058,-0.18051977608550368
-0.6716689916355654,0.32426417139945807,0.2879576846597822,1.0,-0.29686038822050675,-0.2948411512004179,-0.275666233885539
-0.5563779796687662,-0.16216736395113351,-0.014095044482924868,0.11762322266784453,-1.0,-0.8891125349928959,0.4465153950842482
1.0,1.0,1.0,1.0,0.1337363089653647,-1.0,0.3793850051368973
-0.341104704857224,-1.0,-1.0,-0.7691008615276458,0.1922886269029207,-0.7439089027333041,-0.9147773653399291
0.7430510129341107,0.025814825089315985,-0.585112658827294,0.08214054713319541,0.6550996294542464,0.3192010633863198,-1.6568012304520359
0.9597692527157827,0.43369421145270476,0.3395899893650416,-0.8675795849823366,-0.7181862291919139,0.05200360503913437,3.700690075382848
-0.49131410446283796,-1.0,-1.0,-1.0,-0.0377528741640103,1.0,-0.6374315224057002
-0.9105709412622283,-0.8468710960672274,-1.0,-1.0,1.0,0.736878825441916,-2.3547932337211823
-1.0,0.19000898081006395,0.5755527332707462,-0.5754438762671905,0.7284978464859381,-0.0695115291305255,1.6877182032041191
0.18049058921673428,-1.0,-1.0,0.526492162000559,-0.9497159784198714,0.12465698174737949,-1.9015258143726275
0.77058190733615,-0.7944772435872193,-1.0,-0.8731393590970385,0.4384657322529566,-0.46333495565136057,-2.0895898079648214
1.0,0.6346813294250735,-1.0,-0.7682897189432432,-0.09503640722900876,0.10841543398197565,0.3295768259624404
0.9352921199615367,0.6159640461525459,-0.17835390249402103,0.48052694281583563,0.9386279902359183,-0.07115500654491613,-1.7323568784382197
-0.09710786530944326,-0.8244751508453021,-0.8168080142851448,-0.8876028350858263,-1.0,-0.4367338914779728,1.6787610320377413
0.5027129953761443,0.47249831853528823,-0.7722515077058388,0.19911467069049194,0.6182130736946801,1.0,4.99756612543741
-0.17307556462141904,-0.5177611191277047,0.013093322766793217,0.29808870777693053,-0.29807834261519295,-0.6550209451303861,1.0586403153112136
-1.0,-1.0,-0.5099627183238481,-1.0,0.0690832045457195,-0.34462081487990676,-1.9722878428155035
0.5707582522445804,-0.14029625362910497,-0.6065978886277746,0.004540207117544326,0.6293320591948001,0.6867237983765164,-0.1776647386730399
0.5793064257165417,1.0,1.0,1.0,0.0685048752614934,-0.2824942862919838,-1.926998218015807
-0.48391161051913656,-1.0,-1.0,-0.8706077731466413,1.0,1.0,0.15218967667439748
1.0,0.27638320007007544,1.0,1.0,0.21672039186492204,0.5906567526940631,-3.671018162624993
1.0,-0.7187832270754599,0.12526867878965764,1.0,0.7982463371850875,0.23684273411796175,-2.444113606981315
-0.35929137362609687,-1.0,-1.0,-1.0,-0.9220359702083125,-0.8916228213754036,3.545014534769897
-1.0,-0.09800952274836716,0.10551813576492564,-0.6428786999512415,1.0,1.0,6.162215195403184
-0.7946146894513386,-0.34550508329975593,0.24342589079517618,0.2690252141092939,-0.3016383329524155,0.2207351163046698,-1.1920687374268264
-0.7922605112224068,-0.9434619332250334,-1.0,-1.0,-0.6726370305388417,-0.009816695304095124,-3.652307295774035
0.9192581613597248,-0.207787497181662,0.0636186438064611,1.0,-0.4194308392478255,0.7505550840673986,2.49447777197703
0.3117838953581452,0.1116520790418733,0.4283054675444959,1.0,-0.057421199901438236,-1.0,3.2792028012683
0.7108559113508741,0.7496688691191132,-0.5598319122097062,0.6081832292738829,-0.4240331550000005,-0.6930773880466434,2.672851897024253
-0.0005541788156698813,-0.5422734858854041,-0.020023888821216057,-0.5821351277338259,1.0,0.4125886322801251,0.23942104973074416
0.03757394915428258,0.8397651241343838,1.0,1.0,0.6478169083989949,-0.3136194447584529,-4.526932493677406
-0.08004461591085743,1.0,-0.6854529437164327,0.3334452402082371,-0.5184399603012548,0.9397603974779132,6.79409385522589
1.0,0.9283501113662087,0.9617155738326608,1.0,-0.07697686588317698,0.22519138711569742,-2.331790394421071
-0.6031202999574724,-1.0,-0.21626346680927266,-0.3804910212661978,0.8058885426957558,1.0,1.6461636860461288
0.9611642227398323,0.4362477765081584,1.0,-0.0019209297505076717,-1.0,0.4877887314459119,4.214486724366682
0.646942870922631,-1.0,-0.8548708224370241,0.3251008426045183,-0.3089389913251598,-0.5141846424081415,-1.223179611599358
-0.2774260571842868,1.0,0.6939334735183738,0.2459418553918019,0.24813294259673113,-1.0,0.6030330219951211
0.08743487396116256,0.23948059082251624,0.8785905915141121,1.0,0.4425513087984543,-0.02864916840531706,-1.8893545248185637
-1.0,-1.0,-1.0,-1.0,-0.20263537945610843,-0.4490322148727236,-4.587895826089466
-0.20758469688996983,0.17257215164316808,1.0,0.07448392912408808,-0.48178666039183327,-1.0,2.3958203627626835
-1.0,1.0,-1.0,0.7505658016340938,0.6177035440693285,-1.0,7.959716001573337
-1.0,-0.8915160735986394,-0.2718175804366063,0.6818814722406252,1.0,0.9855829837940371,4.994719693502821
-0.6108028459383212,-0.36055116574726853,-0.08550064030401787,-0.9227725207804058,-0.43396830070074743,-0.5762187905091272,0.8558343715595551
0.9649871976091435,1.0,0.8768371908516293,-0.17617810783832355,-1.0,-0.840042705348504,2.3724485085015603
0.588259803805275,-0.7859763335340105,-0.1436743707237908,-0.3503486367805509,-0.7413613304554776,1.0,4.738212430486519
0.031899917650167656,0.062245888465052746,0.48546516607123613,-0.048758453800038695,0.5497376687624975,0.5621364184278028,0.2921306902348443
-0.04209306925338807,0.28366503588058867,0.28376306082599084,-1.0,-1.0,-1.0,2.2072649501966737
-0.2719318043428911,0.5010250103336458,0.42153007317995606,-1.0,0.6930912045074152,0.01036360310471024,1.46524582663211
-0.0726799072453662,0.5920611308465767,0.2674518786746598,-0.3711685085779881,-1.0,-1.0,0.3885375456321962
0.8896558219465376,1.0,0.3158971471457932,1.0,-1.0,0.8052429168834156,5.785534171412949
1.0,1.0,1.0,-0.36946195244734314,-0.2235840353754473,-1.0,0.7417141599267632
0.7025969207131977,0.06888668968344741,-0.7774982534267489,0.005095889359571393,-1.0,-1.0,3.2703811184579368
-1.0,0.6836178441716663,0.8830688787640034,-0.13670917494548473,-0.9460442285863709,-1.0,-2.199299367261914
-0.12288136226401308,0.9110748344107941,-0.21613508369596285,1.0,-0.6128447072904132,-0.6959547601318039,2.167052979487056
0.8646398522453452,0.6374068315415686,1.0,0.6868763286872118,1.0,0.5500560707220075,-5.825684831949939
-1.0,-1.0,-0.91225089315253,0.42135024685881084,-0.5692811367801276,-1.0,1.0167173623456143
1.0,1.0,0.07165281226683318,1.0,0.38907670258123106,-0.6828776196556406,0.9880315871762372
-0.30517906644846,-0.14434391031806573,0.5579522340892514,1.0,-0.7039440140625639,-0.9856670596517139,1.2273151116077003
1.0,-0.028415428847458957,0.4882987748868978,0.5382850026784868,-1.0,-1.0,8.344269291335555
-0.40298747319344164,0.08578687331017765,-0.7665324666620362,0.9230808273601478,-1.0,-1.0,1.7999799551067026
0.018978471463704016,0.4765804629187939,0.23623400664416494,0.42767756166701143,-1.0,-1.0,1.8241440855778261
0.7157027416625852,-0.398911621345139,-0.9381685900144546,0.5792600650644756,0.34914815742040817,0.28720288410594863,-0.7041520027981539
-0.6490634201262744,-0.9778742429630127,-0.8092867596357626,-0.38915623316228554,-0.5430691619038901,-0.8626138415046186,1.0030531628095463
1.0,0.8502163702193547,1.0,0.6404079308552423,-0.14664040839259562,-1.0,3.4107436715835835
-0.7338142014630868,-1.0,-0.9774605830530659,0.5672990654724619,0.07713473218534284,1.0,4.24917541920763
0.40393084830609144,1.0,1.0,0.39682084087964997,1.0,1.0,-3.070055312780841
0.15293580260382622,-0.9497270891983235,-0.16667206174276727,-0.44818770030098265,-0.917827112340303,-0.4008140889735303,2.281286302199361
-1.0,-0.5429210833747424,-0.2044815515933558,-0.5388006282260237,-0.8772962944666083,-0.40900209264615517,-0.03594371468804025
0.796930381075366,0.0017400586180961186,0.2746791210518257,0.6001754973343961,-0.12179863937711333,-0.26097573058118817,1.0210687435222632
0.1884000114590828,-1.0,-0.743129934299334,-1.0,1.0,0.3301631060817709,-3.7119922916813737
-1.0,-1.0,0.31112533249560903,-0.9849760520574933,0.38032863858858557,-0.730540647940369,4.141131468211727
1.0,0.7458047382650735,-0.5032530266861286,0.21292938830584457,-0.34976919186334154,-0.730598266442451,3.5311472684298497
-0.8350851901551248,-0.18247001735349938,-0.9042609164041353,1.0,1.0,0.14544326456098278,0.5610807275874564
1.0,0.969685853452531,1.0,0.8721019668315255,-0.5435705331378782,-1.0,5.551652293612517
0.47006753806129287,1.0,0.3450047030034167,0.934804498359322,0.5740986185710311,0.8668451942016799,-1.5680615536475357
-1.0,0.03075778083596825,0.2210046304410781,-0.8360488591435458,-1.0,-0.3932027560836966,-0.5790241603593762
-0.9485133497383136,-1.0,-0.40932712268943894,-0.38792448705728355,-1.0,-0.004013109904962245,-1.4638813446687033
0.5041924222183194,1.0,0.3913651026054461,0.5205937079012197,0.05957180302988061,0.14013380400794206,-2.2987077850406497
1.0,-0.06514927242909296,0.5250520115961899,-0.5344189143540212,0.7004738057006197,-0.6459512120966057,0.6800550316682046
-0.7915253955711312,-1.0,0.18371861687760266,-0.5772581798855161,-1.0,-1.0,3.6734007496850523
-0.19867430408878328,-0.7668180669932535,-1.0,-0.9245472502639966,-0.18861295470255243,1.0,4.17536620408348
0.18294796968421934,1.0,0.581199371855962,1.0,0.4576743346169058,-0.728971550258505,-0.8234932056690121
-1.0,-0.13618456522916955,0.33802767732393246,-1.0,-0.2532795018566007,-0.6009428158398518,0.6612523399256909
-0.1289988288092988,-0.7393377083967053,-0.8149432687386324,0.5225733158447279,1.0,0.5177696497435929,0.0664493258487403
-0.5418251234914355,0.1661530652630545,0.32840212057038387,0.13562375888468386,-0.364642790075808,1.0,-0.29147792224357194
0.8449831663156308,0.05900609866283152,0.6802249824924465,-0.9205255438659183,-1.0,0.17993135407045052,3.5397174052283993
-0.20517719868654516,-1.0,-0.9664845202198817,-1.0,1.0,0.4691059105853564,-4.713237404677406
-0.05214898220289277,-0.8122535126825892,1.0,-0.9146243847866071,-1.0,-0.6383860044224481,5.758797491636782
-0.7762472053160021,-1.0,-1.0,-1.0,-0.5530439995236605,0.5377809929207595,-3.815579096662371
0.7780039927008804,0.5244647700677343,-0.5305011536334197,1.0,-0.5395720128029298,0.4732967095036611,2.586615422004989
0.3583440290574151,-0.024649096907875645,0.5847290552618823,0.9389471394201532,1.0,0.6609259639135212,-0.27893007953746696
0.1397972911847326,0.21941285530400084,0.18162736157496562,1.0,-0.13891871343629472,-0.05294851585364868,-0.20918207401532404
-0.7548184465027763,-0.723306555794407,-0.3521753858102227,0.282183578496632,-0.7931061839339343,0.659315773713488,-0.6454390784693238
-0.3339028970196878,-1.0,-1.0,-0.32420044313104207,0.5118508626551226,-0.7158415452125361,0.17084191070041116
-0.12198269379429234,-0.04349528445626527,0.026542642360921964,0.5166844240757219,0.09875287464719829,-0.5329252571953197,0.03316852790619362
0.723115531865515,-1.0,-1.0,-0.3284086241794739,0.6687175756701664,0.6563022887397543,-4.255090132981016
-0.24336168236947975,-0.5851176155462243,-0.6588962711670111,-1.0,1.0,0.014667622219706633,0.5486324241476639
-0.3144873070991422,0.6925139754013322,0.3348374325968858,0.16341356204496216,-0.8848461540342618,-1.0,0.2738466860981801
-0.6855508244882071,-0.8648347653281856,-0.4766658240826151,-0.9871937263365412,-1.0,-0.5315714876521758,3.445173530253715
-1.0,-1.0,-0.41852543180081886,-1.0,-1.0,-1.0,4.781083315896596
-0.10163852142158758,-1.0,-1.0,-1.0,1.0,0.7940943257545408,-3.4689956511801876
0.873347810312876,1.0,1.0,1.0,0.1920603228064373,0.23872379454323606,-4.484892329948395
0.4525284495489348,1.0,0.20316781263347794,1.0,-0.27268447191514106,-1.0,5.517709399739189
-0.585939435456141,0.9849705987547068,-1.0,-1.0,0.9276050092001713,-1.0,4.179750857531348
0.260379366787605,0.4046611709800932,-0.3151173272734046,-1.0,0.689382435867357,1.0,4.7992877919488635
-0.3519775850208894,0.39060651124320356,0.3241064455989778,-0.3956009956337685,1.0,0.39982134432201244,2.391182483314001
1.0,-0.05174691037405932,1.0,1.0,0.8341162145353972,1.0,-5.866135802474621
0.6293485239417732,0.5543608011568447,0.20660778980942712,-0.7946089605328542,0.6604659760813913,-0.10630039199637192,-0.5841171472794546
-0.08428138688868514,-1.0,-0.04093889193576472,-0.5449962016752583,-1.0,-0.9963036592072485,5.439933311652128
-0.7807027948805467,-1.0,-0.6821129785575574,-1.0,-0.225723016464506,-0.7423765477937296,0.012832550414958399
0.255273338711127,1.0,1.0,-0.37548087421903165,-0.0671175723165296,-0.9125926452094003,-1.6253197417899328
0.008131438380296008,0.7698053826342294,-1.0,-0.6217026136164676,-1.0,-0.42211323559558894,-0.9053004871244105
-1.0,-1.0,-0.2914404363475118,-0.386441750738717,-1.0,-0.7433728432970488,0.8018054958857799
-0.7068450934037829,0.32069375389070065,-1.0,-1.0,0.15270512298088823,-0.6835927647952463,0.9310832461913939
0.7759482984340437,0.012918299333528949,0.6998309859029028,-0.6659819509918148,-1.0,-0.7644237253782749,5.323396239244455
0.15011564949549283,-1.0,-0.58884948405814,-0.6904008528682433,1.0,1.0,0.04716425057598078
-0.2678761968339294,0.6497414090705695,0.8992856743789739,-0.3575309980710113,0.9814024431493076,1.0,1.678321294477996
-0.22151502267610979,-1.0,0.2752064643931036,-0.5426506177371249,-1.0,0.5327973699671777,1.7803091361552061
-1.0,-1.0,-1.0,-1.0,-0.2875199468284283,-0.21588110580674327,-5.019934020250687
-0.6304872258509715,-0.13921644213422135,-0.627159225121998,0.27888416440481417,-0.3241562591760855,-0.5780976169463772,0.00521211088270573
0.4202284962227206,0.43455481877572255,0.382715746730381,1.0,0.6535945264902575,-0.6253303458910766,0.8910097150765522
-1.0,-0.22377928551198878,-0.6450758596599737,1.0,-0.1727332352051767,-1.0,3.478079357546786
1.0,0.06238309590484159,1.0,-0.13682859760900265,0.21866165228658474,0.6550126465245956,-1.5085431120385828
-1.0,-1.0,-0.3737904003882905,-0.6220533482064818,-0.8586590366202873,-0.5576699751349345,1.0378246862525096
1.0,0.603249865617629,1.0,0.9447608432241935,-0.5231625426151176,0.5626420610150367,0.14299815858761591
1.0,-0.32783191100167597,1.0,-0.2641236764634086,0.40548269657305147,-1.0,3.122478080986383
-0.7894714906811928,-1.0,0.14784825745765146,0.7879436563769624,0.9742022254047965,-1.0,3.84548778959684
0.18738874314574205,-0.7013803979235793,0.005672599782614973,0.40600803902596905,0.23645980056305804,-0.20316047790930103,0.5736030011431459
-0.09318060079134871,1.0,1.0,-0.1633134031595894,-1.0,-0.10239962274732262,-3.1215676791011306
-0.9854783992919418,-1.0,0.9566018793030288,-0.4182819762989453,-1.0,-0.1782910041835497,1.4709215652673333
-0.6764440589455936,1.0,-0.56078544158457,1.0,-0.3814786624038262,0.38528224613305867,0.5691470899402666
-1.0,0.1175672594106324,-0.49665604913344463,-0.39142747851926374,0.18397665673768637,-1.0,4.0527620490095675
1.0,0.34417399841639984,1.0,1.0,1.0,-0.0986480965943386,-4.50790401476027
-1.0,-0.612184639894341,-1.0,0.4728249592420378,-0.5196774899031698,-1.0,2.1592373722258618
0.6361428000941008,-0.8378003676830346,1.0,1.0,0.8070846894055395,1.0,-1.410416059699135
-0.15817813664029756,0.29605888532110614,-1.0,-1.0,-1.0,-0.5034979630044214,-1.317039852283422
-0.46132719092938923,0.7462878358523988,1.0,1.0,1.0,0.45361605729322885,-4.792251106044701
-0.4908585973447308,-0.795172010026167,-1.0,-1.0,-0.6095805449479575,-1.0,4.041466340980191
1.0,1.0,0.051667322825463824,0.5194486583417341,0.018875662624053158,0.24068809713147188,0.028690683027286643
-0.29091206166323846,-0.011146643286414681,-0.8117617080027129,-1.0,0.12216535818791613,-0.6626205046945511,-0.13663557414221825
0.06689882787533322,1.0,-0.15514418876395444,0.0024829820842608985,1.0,0.9245305605618632,6.079330001524218
0.7789508278367085,0.229401799609358,1.0,-0.23391455520511106,-0.9137694497200728,-0.5590500034996856,3.0153574173501907
-0.004697047864251264,0.6278044458291321,-0.06913627038902503,1.0,-0.13037894514338652,0.18737031779363433,0.2166717896480066
-0.937933739397609,-0.21868790068594768,-0.028204964660653253,-0.17756952931559083,1.0,0.6763414521067439,3.1382679667738897
-1.0,-0.37944611542722784,-1.0,-1.0,1.0,1.0,5.22252272599653
0.6194782856040018,0.2712273371841933,-0.09825256049580677,-0.755198258366607,0.43093536394807486,-0.2324073474747107,-0.3865847646189537
0.4562779880070721,-1.0,-1.0,-0.8052194376311359,-0.7101695032148105,-0.9502011232778212,4.8052375178254465
-1.0,-1.0,1.0,-0.6343555334269659,-0.9250139676049811,0.046738501946229416,0.442512227545212
0.8029205132684318,0.31948480995662704,0.29287047286982837,0.6244442361537733,-0.4399058883180923,0.2570430924606626,0.587494159308691
0.3856477604413166,1.0,0.17367440433329995,-0.7304778511351072,-0.180708846078424,0.5112907716808175,1.6232516021374033
-0.9896356751438529,-0.20664128126637138,-1.0,-1.0,-0.6949294162652708,-0.6043999009243359,-0.30247120150128937
0.32162343292941764,-0.4923874170180055,1.0,1.0,0.666803998274177,0.5749502203321295,-2.7374619525506336
0.7156271955913192,-0.4183961994107752,0.8790080945090404,-1.0,0.4392381349445761,1.0,-4.179127634221198
0.8402216427874901,-0.908454650537013,-0.41116233326872287,-1.0,1.0,0.7148733016578075,-3.8239552418433904
-0.5149823426116774,-0.8968642709768521,-1.0,-0.1369522519610199,-1.0,0.17575305113400674,-2.9596722107340097
-0.45256451931372066,-0.7720515673186138,-0.42060621819141686,-1.0,0.9563556447666509,0.5110425162161032,0.4786637626713053
1.0,0.9507329265838702,0.23317337817854855,-0.2279821705944074,-1.0,-1.0,5.995833170236574
0.5587578873102167,1.0,1.0,0.35999129224901116,0.38052076938677937,0.7152643230022351,-5.033175951282432
1.0,1.0,1.0,0.27989621654690144,0.48083609188102444,-0.8614299224193697,-1.7893290932686652
0.1062863643538269,1.0,-0.19204775111639363,0.14267849418706313,-1.0,0.1468215728955643,0.7973670589311063
-0.27582421352548936,-0.6125366497488449,-0.934703009356096,-1.0,0.023014628876600773,0.6940993987071495,0.2803835998211671
-0.09678008433677032,-0.8644747655432284,-0.4200401745227731,-1.0,0.7850274075282504,1.0,-0.11756012954734174
0.37798123471971024,1.0,1.0,1.0,-0.6756042307174357,-0.6599972079211038,1.639866205193116
-0.12221465616813909,0.08271814791559173,0.922745734258301,1.0,0.19325003308740019,1.0,-1.210997579226015
0.4966772632830091,-0.9043629038651638,0.6510151226039651,0.03143590652939221,1.0,0.9630716185357295,0.11086931179053366
-1.0,-1.0,0.13158388273701005,-0.9581505899944718,0.8341255174661326,-0.23694543185070038,2.903687811913402
0.9871670803888923,0.7995225939562915,0.8720252777906533,1.0,-0.13888944983137075,-0.6888114812959023,3.0759566538887135
-0.34080042941565747,-0.921593081132051,-1.0,-0.20040236399279532,0.4305062274905549,-0.991790742145878,2.8895080570503993
-0.593562218623116,-0.9736054651374433,0.046877510777774925,-1.0,0.3334210392407139,0.8407493197287588,-1.7694902412033262
0.24825875418980925,-0.9730370831904468,-0.505801203158321,-0.7302838958737529,0.3157409416993141,1.0,-1.4344106889145907
0.47135064941103216,-0.13373886198372542,1.0,0.9550642911987428,0.6096520747010982,-0.6217301217015636,-2.0403125801795685
1.0,-0.10938521288361236,-0.34503469948083076,0.19230767051157965,0.9256795623898975,0.654899308415826,-2.412446876904038
-1.0,0.3963213707234916,-0.4374236939905525,-1.0,1.0,0.10687861400436352,3.6845457116362637
0.19832467809516063,1.0,1.0,0.7300079697414275,0.320643644099468,-0.18814698469673954,-3.0506771966691018
-0.4617584004446347,-0.5930887346255294,-0.42836227992536835,-0.2117242113825441,1.0,0.8631697921953416,3.6699539657532743
-0.6793010977118141,-0.22071486137729224,-1.0,-1.0,-0.9714943269764686,-1.0,1.904619976816415
0.674135693911249,-1.0,-0.6845977855139066,-0.04517828606539984,0.28938929503889094,0.0813673305818381,-1.4324358914509676
-0.11523680107284523,0.7386899652023493,-1.0,0.26844893663453906,-1.0,-0.5683498407985994,-0.12603206549409232
-0.6786537541034601,-0.8924336172657896,0.9318476653566484,-1.0,1.0,0.12319862555706504,0.1027903888118522
-1.0,-1.0,-1.0,0.09553570046110227,0.6640462299334849,0.25493719258787695,-3.996402879032785
0.5672327983543478,-0.4406026030594501,1.0,1.0,1.0,1.0,-2.9985273999010924
0.4120111414777279,1.0,0.5361016150091205,0.6023873535677482,0.6956936630128223,0.24450831135407414,-2.9403093175608768
0.2875338084793083,0.058483885505952515,-0.11038413036001027,1.0,0.2837058845283214,1.0,3.7078280626362017
-1.0,-1.0,-0.006346542563726576,-1.0,1.0,1.0,1.0575681762609102
-1.0,-0.491830506001244,-0.6333310405475154,-0.6002856166019832,0.15397417387836354,-0.3908698223066789,0.5429268507820766
-0.8908708323629898,-0.8676869829221121,-1.0,-0.052609996476638554,-0.942975766531077,-0.09500652986414371,-5.3486710586643955
0.7769607653265953,1.0,0.45986314740676293,0.34919888337001126,-0.8947179386673756,-0.36143759873019066,1.925952842265975
-1.0,0.016323390673483984,-1.0,-0.11592576270406052,-1.0,-1.0,0.5958175838090297
-0.7147874601003177,-1.0,1.0,0.06591490864437287,0.15754764464632776,0.5485879498466766,1.0496498316924672
0.35443446937923667,0.02791490006893256,-1.0,-0.3956916795762747,0.10254876092555112,-0.09528349712199105,-0.48231108718716664
1.0,0.20504241725196953,1.0,0.04499271483004674,1.0,0.5132474995299947,-5.777498186035741
0.2698318111087177,-1.0,-0.9663179349694089,-0.9278494088756353,-1.0,-1.0,6.7782110874529735
0.44662699956781154,0.7466223379796264,1.0,0.6532323531232618,0.5483542317115604,-1.0,-1.159502017642612
0.11736004400998612,0.6198205584378473,-0.5798319278236579,-0.34711914643367425,0.6010515642097713,1.0,6.297909866803017
0.5544021761582527,-0.09553982394298599,-0.42504618994931076,1.0,1.0,1.0,3.962930373512747
1.0,-0.8250982512699512,-0.4657707340758953,0.6108849846939908,-0.46867642476674165,-0.48945620802113987,2.6327122089746693
-0.871379354960137,-0.6664353057804527,0.6781060610543256,0.578735027770942,-0.4499617743440337,-1.0,2.9208274193202213
0.15541138599030413,0.7779902869095598,0.9161996809183038,0.5986826610907066,1.0,1.0,-2.154020093321253
-0.46117499255779204,-0.30093566049233383,0.7705528824914898,0.08300050445487728,0.855334374650748,0.8470657055227384,-0.15557088726893498
1.0,0.22922719413894965,1.0,1.0,-0.7121449075039445,-0.2825797575680854,3.83782725512148
-1.0,0.9448891367431531,-0.6621310078362788,-1.0,1.0,1.0,11.67333091434614
0.36107369942915535,-1.0,0.2745529724763637,-1.0,0.7443133660620566,1.0,-0.039034719655838934
0.15476789940226698,0.29617205584521034,0.7493862827165247,0.4152016068656945,0.26365688915963553,0.6260877388211118,-0.2564107879702563
1.0,-0.38670317617180305,-0.08124954044528288,-0.27865496482342,-0.5936201132662097,-1.0,7.344577800760248
0.34114004416266175,0.8556949576643132,0.6174227133452057,-0.40574116509987396,-1.0,1.0,4.448466838580221
-0.07310311761125826,0.18946872104684953,-0.45708437883412156,1.0,-0.30424494730430407,-1.0,1.7189517071676779
0.5404908955510812,1.0,0.8932537783971538,0.6762942402405216,0.951170584466069,0.8314199396089917,-5.006182335231881
0.5773853366760695,-1.0,-1.0,-1.0,1.0,0.3058397917430328,-6.244768648477107
0.281475394748232,-1.0,1.0,0.13919284754066413,0.4764641116858625,0.436783389911663,0.17707010384708877
1.0,1.0,1.0,-0.32434943699124485,1.0,0.4893992818324391,-3.8916811542330154
-1.0,-0.6115136535131389,-0.5572237800398843,-1.0,-0.30365965697513575,-0.6136051122163696,0.8348815196463504
0.25231982633507477,-0.045908059836796855,-0.5169798498607119,1.0,1.0,0.6842707416895917,0.832600272271052
0.0214936822622791,0.41044838359078906,0.6922413331968931,0.17062509659297903,-0.02617319720433532,0.2643584737847575,-0.5158696146820095
-0.8900383914248113,-1.0,-0.8242583846266569,-0.7966821979485825,0.9441147118195056,0.06536247178034627,-4.160223335884648
0.09926122193484332,-0.9226943871880413,0.015027888848692494,-0.69517978638747,-1.0,-0.971104694479245,7.860260364629927
0.11643056650938438,-0.062163372913697224,-1.0,0.21166283834270516,-1.0,-0.9827091930937218,1.0358548217333778
1.0,0.49001462521208916,-0.4143771564558968,0.4182192314069135,1.0,0.11153861529045161,-2.1301710343428737
-0.9677054266097008,0.6897181867011467,-0.6508267951961209,-1.0,-0.995435664496959,-1.0,-1.456790534676512
-1.0,-0.9020473227688044,-0.2025446818491623,-0.01804847447318081,1.0,-0.3285632776670093,2.541641056601444
0.6814761541928809,1.0,1.0,1.0,-1.0,-0.35305688709456795,2.8668069680040054
1.0,-1.0,-1.0,-1.0,-1.0,-0.07558256760066778,10.265592776398922
-0.22718340080129562,-0.2835872018261566,0.7937381884123137,-0.4324006345902962,0.6621026584560494,1.0,-0.5719553635560529
-1.0,0.22726049023424783,-1.0,-1.0,-0.844047736332838,-1.0,2.0629165684209534
-0.018079351555750467,0.3519008056643974,0.720436725035548,0.17252109599344212,-0.23918240715648692,-0.18693627768409224,-0.05907838598285253
-0.5778511154417991,-0.7467608463839372,-1.0,-1.0,0.598823993531582,0.07457206704652336,-2.8992692825971016
-0.48660462356520484,-0.13414780384111924,-1.0,-0.24713678566278108,1.0,1.0,7.578921881406428
0.14444839374800866,-0.7247510683006192,-1.0,-0.08532628241590612,-1.0,-0.05559370763360638,-0.2627850356986332
-1.0,-0.5516525307718554,0.5273097779922398,-1.0,0.6905405988298781,-0.520609670719282,3.7328750484656745
1.0,0.9337737881026178,1.0,1.0,-0.9735806004725193,0.40417418995931226,2.9329668220076437
-0.048863582982884735,-0.040866955130556715,-1.0,-1.0,-0.14109522207439107,-0.5297967754219032,-0.754893989286402
1.0,1.0,0.8793817738089824,0.058865419911272365,1.0,0.9508195227088292,-4.964637745411863
-1.0,-0.6416707775865922,-0.14265727444346732,-1.0,-0.11731272971410656,-1.0,3.7053369260392164
0.5111149109261082,1.0,0.7888131728249812,-0.6352088393485189,0.4600014520096447,0.08042787255673045,-2.635181921371917
-1.0,0.1529727666745434,-0.379940413588105,-0.17085862617319775,-0.5558337814790959,1.0,1.5504093897898685
-1.0,-0.32622538893035324,-0.07528951909853032,-1.0,-0.2582092580397042,-0.5251531073002778,-0.6157358637173878
-0.76866676925632,-0.051805535682046155,0.3135610673290978,-0.5359096487028374,0.824257876480661,1.0,2.8796112637374867
0.5487012615767679,-0.005649543198301299,0.7003815479249014,-0.10364415821261108,-0.52133482286575,-0.27013893887736473,0.5257943070092687
0.6286928219891206,1.0,-0.7257950926707732,-0.20231986813067793,1.0,1.0,5.948376923456689
-0.23012573263333327,-0.07046233942591346,0.6722677498357768,0.47245341592737944,0.27236308848584656,1.0,1.9434846248042295
-1.0,-1.0,-0.4840455185026675,0.4108724498501477,-0.7050243127744883,1.0,-0.06577711508847817
1.0,-0.5185124320765993,0.20244018368265881,0.004617555880729318,1.0,0.026334554210626138,-3.011998616914294
0.9034215660196458,1.0,0.8529717969480475,1.0,-1.0,0.03175805428969262,3.9480984673947432
-0.964243471126815,0.3103970379956159,-0.6406460792647908,1.0,-0.918142397076287,0.6856237091831472,-1.0029854088283616
1.0,1.0,0.37327502505008814,0.2057436316594502,-0.6700199959418907,0.9371070882754976,3.381106095714207
-0.5151634381785399,0.228520769171902,-1.0,-1.0,-1.0,-0.9656809058377724,-0.23297047512231406
1.0,0.05045108631611672,0.6662246832879489,1.0,-1.0,-0.18114135905272688,3.404812624736035
